-- 1. USERS (no dependencies)
INSERT INTO "users" ("id", "first_name", "middle_name", "last_name", "email")
VALUES 
('6379fcb6-7530-46b1-86d0-13190c8516fa', 'Abhigyan', '','Trips', 'abhigyantrips@gmail.com'),
('6f936c2f-9a9c-43e3-b9b4-59d94a0ac131', 'Raghav' ,'', ,'Gupta','rg@gmail.com'),
('11111111-1111-1111-1111-111111111101', 'Alice', 'A.', 'Smith', 'alice.smith@example.com'),
('11111111-1111-1111-1111-111111111102', 'Bob', 'B.', 'Jones', 'bob.jones@example.com'),
('11111111-1111-1111-1111-111111111103', 'Charlie', 'C.', 'Brown', 'charlie.brown@example.com'),
('11111111-1111-1111-1111-111111111104', 'David', 'D.', 'Johnson', 'david.johnson@example.com'),
('11111111-1111-1111-1111-111111111105', 'Eve', 'E.', 'Williams', 'eve.williams@example.com'),
('11111111-1111-1111-1111-111111111106', 'Frank', 'F.', 'Miller', 'frank.miller@example.com'),
('11111111-1111-1111-1111-111111111107', 'Grace', 'G.', 'Davis', 'grace.davis@example.com'),
('11111111-1111-1111-1111-111111111108', 'Hank', 'H.', 'Wilson', 'hank.wilson@example.com'),
('11111111-1111-1111-1111-111111111109', 'Ivy', 'I.', 'Moore', 'ivy.moore@example.com'),
('11111111-1111-1111-1111-111111111110', 'Jake', 'J.', 'Taylor', 'jake.taylor@example.com');

-- 2. AUTH (depends on "users")
INSERT INTO "auth" ("id", "password", "last_login", "requires_reset")
VALUES
('11111111-1111-1111-1111-111111111101', 'password1', '2025-02-01 10:00:00', false),
('11111111-1111-1111-1111-111111111102', 'password2', '2025-02-02 11:00:00', false),
('11111111-1111-1111-1111-111111111103', 'password3', '2025-02-03 12:00:00', false),
('11111111-1111-1111-1111-111111111104', 'password4', '2025-02-04 13:00:00', false),
('11111111-1111-1111-1111-111111111105', 'password5', '2025-02-05 14:00:00', false),
('11111111-1111-1111-1111-111111111106', 'password6', '2025-02-06 15:00:00', false),
('11111111-1111-1111-1111-111111111107', 'password7', '2025-02-07 16:00:00', false),
('11111111-1111-1111-1111-111111111108', 'password8', '2025-02-08 17:00:00', false),
('11111111-1111-1111-1111-111111111109', 'password9', '2025-02-09 18:00:00', false),
('11111111-1111-1111-1111-111111111110', 'password10', '2025-02-10 19:00:00', false);

-- 3. COMPANIES (no dependencies)
INSERT INTO "companies" ("id", "name", "contact_no", "contact_email")
VALUES
('22222222-2222-2222-2222-222222222201', 'ABC Pvt. Ltd.', '111-222-0001', 'hr@abc.com'),
('22222222-2222-2222-2222-222222222202', 'XYZ Corp.', '111-222-0002', 'contact@xyz.com'),
('22222222-2222-2222-2222-222222222203', 'Tech Solutions', '111-222-0003', 'info@techsolutions.com'),
('22222222-2222-2222-2222-222222222204', 'Global Industries', '111-222-0004', 'info@globalind.com'),
('22222222-2222-2222-2222-222222222205', 'Innovate LLC', '111-222-0005', 'hi@innovate.co'),
('22222222-2222-2222-2222-222222222206', 'AutoMech Ltd.', '111-222-0006', 'support@automech.com'),
('22222222-2222-2222-2222-222222222207', 'BioHealth Inc.', '111-222-0007', 'contact@biohealth.com'),
('22222222-2222-2222-2222-222222222208', 'DataPrime', '111-222-0008', 'sales@dataprime.com'),
('22222222-2222-2222-2222-222222222209', 'Foodies Co.', '111-222-0009', 'hello@foodies.co'),
('22222222-2222-2222-2222-222222222210', 'GreenEnergy', '111-222-0010', 'info@greeneng.com');

-- 4. AGENCIES (no dependencies)
INSERT INTO "agencies" ("id", "name", "contact_no", "contact_email")
VALUES
('33333333-3333-3333-3333-333333333301', 'Agency One', '222-333-0001', 'info@agencyone.com'),
('33333333-3333-3333-3333-333333333302', 'Agency Two', '222-333-0002', 'contact@agencytwo.com'),
('33333333-3333-3333-3333-333333333303', 'Agency Three', '222-333-0003', 'mail@agencythree.com'),
('33333333-3333-3333-3333-333333333304', 'Agency Four', '222-333-0004', 'hello@agencyfour.com'),
('33333333-3333-3333-3333-333333333305', 'Agency Five', '222-333-0005', 'support@agencyfive.com'),
('33333333-3333-3333-3333-333333333306', 'Agency Six', '222-333-0006', 'info@agencysix.com'),
('33333333-3333-3333-3333-333333333307', 'Agency Seven', '222-333-0007', 'contact@agencyseven.com'),
('33333333-3333-3333-3333-333333333308', 'Agency Eight', '222-333-0008', 'info@agencyeight.com'),
('33333333-3333-3333-3333-333333333309', 'Agency Nine', '222-333-0009', 'mail@agencynine.com'),
('33333333-3333-3333-3333-333333333310', 'Agency Ten', '222-333-0010', 'hello@agencyten.com');

-- 5. FACILITIES (no dependencies)
INSERT INTO "facilities" ("id", "name", "type", "is_ict", "details", "reasons", "utilization", "relevance_to_pos")
VALUES
('44444444-4444-4444-4444-444444444401', 'Library Building', 'Infrastructure', true, 'Digital library', '{"Space", "Resources"}', 'Daily usage', 'POS1'),
('44444444-4444-4444-4444-444444444402', 'Main Auditorium', 'Auditorium', false, 'Seating for 300', '{"Events", "Conferences"}', 'Weekly events', 'POS2'),
('44444444-4444-4444-4444-444444444403', 'Computer Lab 1', 'Lab', true, 'Equipped with 50 PCs', '{"Classes", "Research"}', 'Daily usage', 'POS3'),
('44444444-4444-4444-4444-444444444404', 'Workshop Hall', 'Workshop', false, 'Mechanical tools', '{"Training", "Workshops"}', 'Occasional training', 'POS4'),
('44444444-4444-4444-4444-444444444405', 'Seminar Room', 'Meeting', false, 'Projector & seats', '{"Meetings", "Seminars"}', 'Frequent sessions', 'POS2'),
('44444444-4444-4444-4444-444444444406', 'Language Lab', 'Lab', true, 'Software for language learning', '{"Classes", "Language Tests"}', 'Daily usage', 'POS3'),
('44444444-4444-4444-4444-444444444407', 'Sports Complex', 'Recreation', false, 'Indoor & outdoor courts', '{"Training", "Tournaments"}', 'Daily usage', 'POS5'),
('44444444-4444-4444-4444-444444444408', 'Music Room', 'Cultural', false, 'Musical instruments', '{"Practice", "Rehearsals"}', 'Weekly practice', 'POS4'),
('44444444-4444-4444-4444-444444444409', 'Cafeteria', 'Food Service', false, 'Dining hall', '{"Meals", "Refreshments"}', 'Daily usage', 'POS1'),
('44444444-4444-4444-4444-444444444410', 'Reading Room', 'Study', true, 'Quiet study area', '{"Research", "Study"}', 'Daily usage', 'POS1');



---- filepath: /home/nived/accreditation-api/data_entry.sql
-- 6. JOURNALS (no new dependency)
INSERT INTO "journals" ("id", "name", "frequency", "type", "scopus_indexed")
VALUES
('66666666-6666-6666-6666-666666666601', 'Journal of AI', 'MONTHLY', 'HARDCOPY', true),
('66666666-6666-6666-6666-666666666602', 'Tech Today', 'WEEKLY', 'SOFTCOPY', false),
('66666666-6666-6666-6666-666666666603', 'Global Science', 'YEARLY', 'HARDCOPY', true),
('66666666-6666-6666-6666-666666666604', 'Engineering Insights', 'QUARTERLY', 'HARDCOPY', false),
('66666666-6666-6666-6666-666666666605', 'Bio Research', 'MONTHLY', 'SOFTCOPY', true),
('66666666-6666-6666-6666-666666666606', 'Robotics Weekly', 'WEEKLY', 'HARDCOPY', false),
('66666666-6666-6666-6666-666666666607', 'Medical Innovations', 'BIWEEKLY', 'SOFTCOPY', true),
('66666666-6666-6666-6666-666666666608', 'Data Analytics Review', 'MONTHLY', 'SOFTCOPY', true),
('66666666-6666-6666-6666-666666666609', 'Quantum Horizons', 'QUARTERLY', 'HARDCOPY', false),
('66666666-6666-6666-6666-666666666610', 'Environmental Studies', 'YEARLY', 'SOFTCOPY', true);

-- 7. SPONSORSHIPS (no new dependency)
INSERT INTO "sponsorships" ("id", "agency_name", "year", "amount_inr", "project_title")
VALUES
('77777777-7777-7777-7777-777777777701', 'Tech Aid', 2024, 500000, 'Research in AI'),
('77777777-7777-7777-7777-777777777702', 'Health & Co.', 2023, 300000, 'Community Health Project'),
('77777777-7777-7777-7777-777777777703', 'Eco Funding', 2022, 200000, 'Green Energy Solutions'),
('77777777-7777-7777-7777-777777777704', 'Innovators Hub', 2025, 750000, 'Robotics Development'),
('77777777-7777-7777-7777-777777777705', 'Software Supporters', 2024, 400000, 'Big Data Research'),
('77777777-7777-7777-7777-777777777706', 'Digital Boost', 2025, 1000000, 'Cloud Computing Lab'),
('77777777-7777-7777-7777-777777777707', 'Bio Grants', 2023, 250000, 'Vaccine Development'),
('77777777-7777-7777-7777-777777777708', 'Auto Sponsors', 2024, 600000, 'Electric Vehicle R&D'),
('77777777-7777-7777-7777-777777777709', 'Infra Aid', 2022, 100000, 'Campus Remodeling'),
('77777777-7777-7777-7777-777777777710', 'Global Corp.', 2025, 850000, 'International Collaboration');

-- 8. IPR (depends on "users" - awardee_id)
INSERT INTO "ipr" ("id", "awardee_id", "awarder_name", "government_recognized", "year", "uuid", "title", "type", "status")
VALUES
('88888888-8888-8888-8888-888888888801', '11111111-1111-1111-1111-111111111101', 'Patent Office A', true, 2023, 'UUID-PT-0001', 'AI Algorithm Patent', 'PATENT', 'FILED'),
('88888888-8888-8888-8888-888888888802', '11111111-1111-1111-1111-111111111102', 'Patent Office B', false, 2022, 'UUID-PT-0002', 'Mechanical Design', 'PATENT', 'GRANTED'),
('88888888-8888-8888-8888-888888888803', '11111111-1111-1111-1111-111111111103', 'Design Office C', false, 2024, 'UUID-DS-0003', 'UI Layout', 'DESIGN', 'FILED'),
('88888888-8888-8888-8888-888888888804', '11111111-1111-1111-1111-111111111104', 'Copyright Agency', true, 2021, 'UUID-CP-0004', 'Textbook Materials', 'COPYRIGHT', 'GRANTED'),
('88888888-8888-8888-8888-888888888805', '11111111-1111-1111-1111-111111111105', 'Patent Office D', false, 2023, 'UUID-PT-0005', 'Nano-Tech Patent', 'PATENT', 'LICENSED'),
('88888888-8888-8888-8888-888888888806', '11111111-1111-1111-1111-111111111106', 'Patent Office E', true, 2024, 'UUID-PT-0006', 'AR/VR Technology', 'PATENT', 'FILED'),
('88888888-8888-8888-8888-888888888807', '11111111-1111-1111-1111-111111111107', 'Design Office D', true, 2025, 'UUID-DS-0007', 'Product Packaging', 'DESIGN', 'GRANTED'),
('88888888-8888-8888-8888-888888888808', '11111111-1111-1111-1111-111111111108', 'Copyright Agency', false, 2020, 'UUID-CP-0008', 'Online Course Materials', 'COPYRIGHT', 'COLLABORATIVE'),
('88888888-8888-8888-8888-888888888809', '11111111-1111-1111-1111-111111111109', 'Patent Office F', true, 2025, 'UUID-PT-0009', 'Water Purification', 'PATENT', 'FILED'),
('88888888-8888-8888-8888-888888888810', '11111111-1111-1111-1111-111111111110', 'Copyright Agency', false, 2022, 'UUID-CP-0010', 'E-Learning Platform', 'COPYRIGHT', 'LICENSED');

-- 9. IPR_EARNINGS (depends on "ipr")
INSERT INTO "ipr_earnings" ("ipr_id", "financial_year", "amount_inr")
VALUES
('88888888-8888-8888-8888-888888888801', 2023, 100000),
('88888888-8888-8888-8888-888888888802', 2022, 50000),
('88888888-8888-8888-8888-888888888803', 2024, 75000),
('88888888-8888-8888-8888-888888888804', 2021, 120000),
('88888888-8888-8888-8888-888888888805', 2023, 185000),
('88888888-8888-8888-8888-888888888806', 2024, 60000),
('88888888-8888-8888-8888-888888888807', 2025, 95000),
('88888888-8888-8888-8888-888888888808', 2020, 70000),
('88888888-8888-8888-8888-888888888809', 2025, 105000),
('88888888-8888-8888-8888-888888888810', 2022, 90000);

-- 10. JOURNAL_PUBLICATIONS (depends on "journals" and "sponsorships")
INSERT INTO "journal_publications"
("id", "journal_id", "journal_volume_number", "journal_issue_number", "sponsor_id", "year", "semester", "doi", "title")
VALUES
('99999999-9999-9999-9999-999999999901', '66666666-6666-6666-6666-666666666601', 1, 1, '77777777-7777-7777-7777-777777777701', 2023, 'ODD', '10.1000/xyz123', 'AI in Healthcare'),
('99999999-9999-9999-9999-999999999902', '66666666-6666-6666-6666-666666666602', 2, 3, '77777777-7777-7777-7777-777777777702', 2024, 'EVEN', '10.1000/xyz124', 'Tech Trends 2024'),
('99999999-9999-9999-9999-999999999903', '66666666-6666-6666-6666-666666666603', 3, 5, '77777777-7777-7777-7777-777777777703', 2022, 'ODD', '10.1000/xyz125', 'Global Science Overview'),
('99999999-9999-9999-9999-999999999904', '66666666-6666-6666-6666-666666666604', 4, 2, '77777777-7777-7777-7777-777777777704', 2025, 'EVEN', '10.1000/xyz126', 'Engineering Insights Vol.4'),
('99999999-9999-9999-9999-999999999905', '66666666-6666-6666-6666-666666666605', 2, 1, '77777777-7777-7777-7777-777777777705', 2023, 'ODD', '10.1000/xyz127', 'Bio Research Findings'),
('99999999-9999-9999-9999-999999999906', '66666666-6666-6666-6666-666666666606', 1, 4, '77777777-7777-7777-7777-777777777706', 2023, 'EVEN', '10.1000/xyz128', 'Weekly Robotics Review'),
('99999999-9999-9999-9999-999999999907', '66666666-6666-6666-6666-666666666607', 3, 6, '77777777-7777-7777-7777-777777777707', 2025, 'ODD', '10.1000/xyz129', 'Medical Innovations Today'),
('99999999-9999-9999-9999-999999999908', '66666666-6666-6666-6666-666666666608', 5, 3, '77777777-7777-7777-7777-777777777708', 2024, 'EVEN', '10.1000/xyz130', 'Big Data & Analytics'),
('99999999-9999-9999-9999-999999999909', '66666666-6666-6666-6666-666666666609', 1, 1, '77777777-7777-7777-7777-777777777709', 2022, 'ODD', '10.1000/xyz131', 'Quantum Horizons Study'),
('99999999-9999-9999-9999-999999999910', '66666666-6666-6666-6666-666666666610', 2, 2, '77777777-7777-7777-7777-777777777710', 2025, 'EVEN', '10.1000/xyz132', 'Environmental Research');


---- filepath: /home/nived/accreditation-api/data_entry.sql

-- 11. JOURNAL_PUBLICATION_AUTHORS (depends on "journal_publications" and "users")
INSERT INTO "journal_publication_authors" ("publication_id", "author_id", "author_index")
VALUES
('99999999-9999-9999-9999-999999999901', '11111111-1111-1111-1111-111111111101', 1),
('99999999-9999-9999-9999-999999999902', '11111111-1111-1111-1111-111111111102', 2),
('99999999-9999-9999-9999-999999999903', '11111111-1111-1111-1111-111111111103', 1),
('99999999-9999-9999-9999-999999999904', '11111111-1111-1111-1111-111111111104', 2),
('99999999-9999-9999-9999-999999999905', '11111111-1111-1111-1111-111111111105', 1),
('99999999-9999-9999-9999-999999999906', '11111111-1111-1111-1111-111111111106', 2),
('99999999-9999-9999-9999-999999999907', '11111111-1111-1111-1111-111111111107', 3),
('99999999-9999-9999-9999-999999999908', '11111111-1111-1111-1111-111111111108', 1),
('99999999-9999-9999-9999-999999999909', '11111111-1111-1111-1111-111111111109', 4),
('99999999-9999-9999-9999-999999999910', '11111111-1111-1111-1111-111111111110', 1);

-- 12. BOOK_PUBLICATIONS (no direct dependency)
INSERT INTO "book_publications" ("id", "year", "semester", "title", "isbn", "type")
VALUES
('AAAAAAAA-AAAA-AAAA-AAAA-AAAAAAAAAAA1', 2020, 'ODD', 'Intro to Robotics', 9781111, 'BOOK'),
('AAAAAAAA-AAAA-AAAA-AAAA-AAAAAAAAAAA2', 2021, 'EVEN', 'Advanced AI Techniques', 9782222, 'CHAPTER'),
('AAAAAAAA-AAAA-AAAA-AAAA-AAAAAAAAAAA3', 2022, 'ODD', 'Quantum Computing Basics', 9783333, 'BOOK'),
('AAAAAAAA-AAAA-AAAA-AAAA-AAAAAAAAAAA4', 2023, 'EVEN', 'Cloud Infrastructure', 9784444, 'CHAPTER'),
('AAAAAAAA-AAAA-AAAA-AAAA-AAAAAAAAAAA5', 2024, 'ODD', 'Data Science Handbook', 9785555, 'BOOK'),
('AAAAAAAA-AAAA-AAAA-AAAA-AAAAAAAAAAA6', 2022, 'EVEN', 'Cybersecurity Essentials', 9786666, 'CHAPTER'),
('AAAAAAAA-AAAA-AAAA-AAAA-AAAAAAAAAAA7', 2021, 'ODD', 'Bioinformatics Introduction', 9787777, 'BOOK'),
('AAAAAAAA-AAAA-AAAA-AAAA-AAAAAAAAAAA8', 2023, 'EVEN', 'VR/AR Development', 9788888, 'CHAPTER'),
('AAAAAAAA-AAAA-AAAA-AAAA-AAAAAAAAAAA9', 2022, 'ODD', 'Renewable Energy Systems', 9789999, 'BOOK'),
('AAAAAAAA-AAAA-AAAA-AAAA-AAAAAAAAAAA0', 2020, 'EVEN', 'Blockchain Fundamentals', 9781010, 'CHAPTER');

-- 13. BOOK_PUBLICATION_AUTHORS (depends on "book_publications" and "users")
INSERT INTO "book_publication_authors" ("publication_id", "author_id", "author_index")
VALUES
('AAAAAAAA-AAAA-AAAA-AAAA-AAAAAAAAAAA1', '11111111-1111-1111-1111-111111111101', 1),
('AAAAAAAA-AAAA-AAAA-AAAA-AAAAAAAAAAA2', '11111111-1111-1111-1111-111111111102', 1),
('AAAAAAAA-AAAA-AAAA-AAAA-AAAAAAAAAAA3', '11111111-1111-1111-1111-111111111103', 1),
('AAAAAAAA-AAAA-AAAA-AAAA-AAAAAAAAAAA4', '11111111-1111-1111-1111-111111111104', 1),
('AAAAAAAA-AAAA-AAAA-AAAA-AAAAAAAAAAA5', '11111111-1111-1111-1111-111111111105', 1),
('AAAAAAAA-AAAA-AAAA-AAAA-AAAAAAAAAAA6', '11111111-1111-1111-1111-111111111106', 2),
('AAAAAAAA-AAAA-AAAA-AAAA-AAAAAAAAAAA7', '11111111-1111-1111-1111-111111111107', 2),
('AAAAAAAA-AAAA-AAAA-AAAA-AAAAAAAAAAA8', '11111111-1111-1111-1111-111111111108', 3),
('AAAAAAAA-AAAA-AAAA-AAAA-AAAAAAAAAAA9', '11111111-1111-1111-1111-111111111109', 4),
('AAAAAAAA-AAAA-AAAA-AAAA-AAAAAAAAAAA0', '11111111-1111-1111-1111-111111111110', 1);

-- 14. OTHER_ACADEMIC_INSTITUTES_RUN_BY_TRUST_SOCIETY (no direct dependency)
INSERT INTO "other_academic_institutes_run_by_trust_society" ("id", "name", "year_of_establishment", "program_of_study", "location")
VALUES
('BBBBBBBB-BBBB-BBBB-BBBB-BBBBBBBBBBB1', 'Tech Institute Trust', 2010, '{"B.Tech", "M.Tech"}', 'City A'),
('BBBBBBBB-BBBB-BBBB-BBBB-BBBBBBBBBBB2', 'Global Research Center', 2012, '{"PhD", "MSc"}', 'City B'),
('BBBBBBBB-BBBB-BBBB-BBBB-BBBBBBBBBBB3', 'Arts & Culture College', 2005, '{"BA", "MA"}', 'City C'),
('BBBBBBBB-BBBB-BBBB-BBBB-BBBBBBBBBBB4', 'Health Sciences Academy', 2008, '{"BSc Nursing", "Diploma"}', 'City D'),
('BBBBBBBB-BBBB-BBBB-BBBB-BBBBBBBBBBB5', 'Management Studies Institute', 2011, '{"MBA", "BBA"}', 'City E'),
('BBBBBBBB-BBBB-BBBB-BBBB-BBBBBBBBBBB6', 'Design & Creativity Forum', 2007, '{"B.Des", "M.Des"}', 'City F'),
('BBBBBBBB-BBBB-BBBB-BBBB-BBBBBBBBBBB7', 'Agricultural Research Academy', 2015, '{"BSc Agriculture", "MSc Agriculture"}', 'City G'),
('BBBBBBBB-BBBB-BBBB-BBBB-BBBBBBBBBBB8', 'Polytechnic Institute', 2009, '{"Diploma Engg", "Advanced Diploma"}', 'City H'),
('BBBBBBBB-BBBB-BBBB-BBBB-BBBBBBBBBBB9', 'Language & Literature College', 2014, '{"BA English", "MA English"}', 'City I'),
('BBBBBBBB-BBBB-BBBB-BBBB-BBBBBBBBBB10', 'Pharma Tech School', 2013, '{"B.Pharm", "M.Pharm"}', 'City J');

-- 15. INSTITUTES (depends on "faculty" for head_of_institute_id and nba_coordinator_id)
-- These faculty IDs are placeholders; ensure matching records exist in "faculty"
INSERT INTO "institutes" (
  "id",
  "institute_code",
  "name",
  "type",
  "year_of_establishment",
  "ownership_status",
  "affiliating_university_name",
  "affiliating_university_address",
  "vision",
  "mission",
  "other_academic_institute_ids",
  "programs_offered",
  "programs_considered",
  "head_of_institute_id",
  "nba_coordinator_id"
)
VALUES
('CCCCCCCC-CCCC-CCCC-CCCC-CCCCCCCCCCC1', 'INST001', 'Global Tech University', 'DEEMED_TO_BE_UNIVERSITY', 2000, 'CENTRAL_GOVERNMENT', 'Univ A', 'Address A', 'Excellence in Tech', 'Innovation & Research', '{"BBBBBBBB-BBBB-BBBB-BBBB-BBBBBBBBBBB1","BBBBBBBB-BBBB-BBBB-BBBB-BBBBBBBBBBB2"}', '{}', '{}', '55555555-5555-5555-5555-555555555501', '55555555-5555-5555-5555-555555555502'),
('CCCCCCCC-CCCC-CCCC-CCCC-CCCCCCCCCCC2', 'INST002', 'Modern Science Institute', 'UNIVERSITY', 2010, 'STATE_GOVERNMENT', 'Univ B', 'Address B', 'Empower Future Minds', 'Leading in Innovation', '{"BBBBBBBB-BBBB-BBBB-BBBB-BBBBBBBBBBB3"}', '{}', '{}', '55555555-5555-5555-5555-555555555503', '55555555-5555-5555-5555-555555555504'),
('CCCCCCCC-CCCC-CCCC-CCCC-CCCCCCCCCCC3', 'INST003', 'National Engineering College', 'AUTONOMOUS', 2005, 'GRANT_IN_AID', 'Univ C', 'Address C', 'Building Tech Leaders', 'Global Impact', '{"BBBBBBBB-BBBB-BBBB-BBBB-BBBBBBBBBBB4","BBBBBBBB-BBBB-BBBB-BBBB-BBBBBBBBBBB5"}', '{}', '{}', '55555555-5555-5555-5555-555555555505', '55555555-5555-5555-5555-555555555506'),
('CCCCCCCC-CCCC-CCCC-CCCC-CCCCCCCCCCC4', 'INST004', 'Innovate College of Arts', 'AFFILIATED', 2015, 'SELF_FINANCING_TRUST', 'Univ D', 'Address D', 'Artistry & Excellence', 'Cultural Growth', '{"BBBBBBBB-BBBB-BBBB-BBBB-BBBBBBBBBBB6"}', '{}', '{}', '55555555-5555-5555-5555-555555555507', '55555555-5555-5555-5555-555555555508'),
('CCCCCCCC-CCCC-CCCC-CCCC-CCCCCCCCCCC5', 'INST005', 'Global Health University', 'OTHER', 2008, 'OTHER', 'Univ E', 'Address E', 'Healthy Future', 'Research in Medicine', '{"BBBBBBBB-BBBB-BBBB-BBBB-BBBBBBBBBBB7"}', '{}', '{}', '55555555-5555-5555-5555-555555555509', '55555555-5555-5555-5555-555555555510'),
('CCCCCCCC-CCCC-CCCC-CCCC-CCCCCCCCCCC6', 'INST006', 'City Management College', 'DEEMED_TO_BE_UNIVERSITY', 2011, 'CENTRAL_GOVERNMENT', 'Univ F', 'Address F', 'Excellence in Mgmt', 'Innovative Leadership', '{"BBBBBBBB-BBBB-BBBB-BBBB-BBBBBBBBBBB8"}', '{}', '{}', '55555555-5555-5555-5555-555555555511', '55555555-5555-5555-5555-555555555512'),
('CCCCCCCC-CCCC-CCCC-CCCC-CCCCCCCCCCC7', 'INST007', 'Advanced Design School', 'UNIVERSITY', 2013, 'STATE_GOVERNMENT', 'Univ G', 'Address G', 'Empowering Designers', 'Global Designs', '{"BBBBBBBB-BBBB-BBBB-BBBB-BBBBBBBBBBB9"}', '{}', '{}', '55555555-5555-5555-5555-555555555513', '55555555-5555-5555-5555-555555555514'),
('CCCCCCCC-CCCC-CCCC-CCCC-CCCCCCCCCCC8', 'INST008', 'Prime Research Institute', 'AUTONOMOUS', 2009, 'GRANT_IN_AID', 'Univ H', 'Address H', 'Leading Research', 'Global Collaboration', '{"BBBBBBBB-BBBB-BBBB-BBBB-BBBBBBBBBBB1"}', '{}', '{}', '55555555-5555-5555-5555-555555555515', '55555555-5555-5555-5555-555555555516'),
('CCCCCCCC-CCCC-CCCC-CCCC-CCCCCCCCCCC9', 'INST009', 'Modern Polytechnic', 'AFFILIATED', 2014, 'SELF_FINANCING_TRUST', 'Univ I', 'Address I', 'Handson Tech', 'Practical Skills', '{"BBBBBBBB-BBBB-BBBB-BBBB-BBBBBBBBBBB2","BBBBBBBB-BBBB-BBBB-BBBB-BBBBBBBBBBB8"}', '{}', '{}', '55555555-5555-5555-5555-555555555517', '55555555-5555-5555-5555-555555555518'),
('CCCCCCCC-CCCC-CCCC-CCCC-CCCCCCCCCC10', 'INST010', 'Frontier Pharma Institute', 'OTHER', 2016, 'OTHER', 'Univ J', 'Address J', 'Medicine & Beyond', 'Innovation in Pharma', '{"BBBBBBBB-BBBB-BBBB-BBBB-BBBBBBBBBB10"}', '{}', '{}', '55555555-5555-5555-5555-555555555519', '55555555-5555-5555-5555-555555555520');

-- 16. INSTITUTE_OTHER_ACADEMIC_INSTITUTES (junction table for institutes and other_academic_institutes_run_by_trust_society)
INSERT INTO "institute_other_academic_institutes" ("institute_id", "other_academic_institute_id")
VALUES
('CCCCCCCC-CCCC-CCCC-CCCC-CCCCCCCCCCC1', 'BBBBBBBB-BBBB-BBBB-BBBB-BBBBBBBBBBB1'),
('CCCCCCCC-CCCC-CCCC-CCCC-CCCCCCCCCCC1', 'BBBBBBBB-BBBB-BBBB-BBBB-BBBBBBBBBBB3'),
('CCCCCCCC-CCCC-CCCC-CCCC-CCCCCCCCCCC2', 'BBBBBBBB-BBBB-BBBB-BBBB-BBBBBBBBBBB2'),
('CCCCCCCC-CCCC-CCCC-CCCC-CCCCCCCCCCC3', 'BBBBBBBB-BBBB-BBBB-BBBB-BBBBBBBBBBB4'),
('CCCCCCCC-CCCC-CCCC-CCCC-CCCCCCCCCCC4', 'BBBBBBBB-BBBB-BBBB-BBBB-BBBBBBBBBBB5'),
('CCCCCCCC-CCCC-CCCC-CCCC-CCCCCCCCCCC5', 'BBBBBBBB-BBBB-BBBB-BBBB-BBBBBBBBBBB6'),
('CCCCCCCC-CCCC-CCCC-CCCC-CCCCCCCCCCC6', 'BBBBBBBB-BBBB-BBBB-BBBB-BBBBBBBBBBB7'),
('CCCCCCCC-CCCC-CCCC-CCCC-CCCCCCCCCCC7', 'BBBBBBBB-BBBB-BBBB-BBBB-BBBBBBBBBBB8'),
('CCCCCCCC-CCCC-CCCC-CCCC-CCCCCCCCCCC8', 'BBBBBBBB-BBBB-BBBB-BBBB-BBBBBBBBBBB9'),
('CCCCCCCC-CCCC-CCCC-CCCC-CCCCCCCCCCC9', 'BBBBBBBB-BBBB-BBBB-BBBB-BBBBBBBBBB10');

-- 17. PROGRAMS (references "institutes" by institute_id)
INSERT INTO "programs" (
  "id",
  "program_code",
  "duration_year",
  "name",
  "year_of_start",
  "sanctioned_intake",
  "aicte_approval_details",
  "accreditation_status",
  "number_of_times_accredited",
  "institute_id"
)
VALUES
('DDDDDDDD-DDDD-DDDD-DDDD-DDDDDDDDDDD1', 1001, 4, 'B.Tech Computer Science', 2010, 120, 'Approved 2010', 'GRANTED_ACCREDITATION_FOR_2_3_YEARS', 2, 'CCCCCCCC-CCCC-CCCC-CCCC-CCCCCCCCCCC1'),
('DDDDDDDD-DDDD-DDDD-DDDD-DDDDDDDDDDD2', 1002, 4, 'B.Tech Mechanical', 2011, 90, 'Approved 2011', 'APPLYING_FIRST_TIME', 0, 'CCCCCCCC-CCCC-CCCC-CCCC-CCCCCCCCCCC2'),
('DDDDDDDD-DDDD-DDDD-DDDD-DDDDDDDDDDD3', 1003, 2, 'MBA', 2012, 60, 'Approved 2012', 'NOT_ACCREDITED', 1, 'CCCCCCCC-CCCC-CCCC-CCCC-CCCCCCCCCCC3'),
('DDDDDDDD-DDDD-DDDD-DDDD-DDDDDDDDDDD4', 1004, 3, 'M.Tech Electrical', 2013, 40, 'Approved 2013', 'ELIGIBLE_BUT_NOT_APPLIED', 0, 'CCCCCCCC-CCCC-CCCC-CCCC-CCCCCCCCCCC4'),
('DDDDDDDD-DDDD-DDDD-DDDD-DDDDDDDDDDD5', 1005, 4, 'B.Tech Civil', 2014, 80, 'Approved 2014', 'GRANTED_ACCREDITATION_FOR_5_6_YEARS', 1, 'CCCCCCCC-CCCC-CCCC-CCCC-CCCCCCCCCCC5'),
('DDDDDDDD-DDDD-DDDD-DDDD-DDDDDDDDDDD6', 1006, 4, 'B.Tech IT', 2015, 100, 'Approved 2015', 'NOT_ELIGIBLE_FOR_ACCREDITATION', 0, 'CCCCCCCC-CCCC-CCCC-CCCC-CCCCCCCCCCC6'),
('DDDDDDDD-DDDD-DDDD-DDDD-DDDDDDDDDDD7', 1007, 2, 'Diploma in Design', 2016, 50, 'Approved 2016', 'WITHDRAWN', 1, 'CCCCCCCC-CCCC-CCCC-CCCC-CCCCCCCCCCC7'),
('DDDDDDDD-DDDD-DDDD-DDDD-DDDDDDDDDDD8', 1008, 4, 'B.Tech Chemical', 2017, 70, 'Approved 2017', 'GRANTED_ACCREDITATION_FOR_2_3_YEARS', 2, 'CCCCCCCC-CCCC-CCCC-CCCC-CCCCCCCCCCC8'),
('DDDDDDDD-DDDD-DDDD-DDDD-DDDDDDDDDDD9', 1009, 4, 'B.Tech Electronics', 2018, 100, 'Approved 2018', 'NOT_ACCREDITED', 0, 'CCCCCCCC-CCCC-CCCC-CCCC-CCCCCCCCCCC9'),
('DDDDDDDD-DDDD-DDDD-DDDD-DDDDDDDDDD10', 1010, 3, 'M.Tech Automation', 2019, 30, 'Approved 2019', 'APPLYING_FIRST_TIME', 0, 'CCCCCCCC-CCCC-CCCC-CCCC-CCCCCCCCCC10');

-- 18. INSTITUTE_PROGRAMS_OFFERED (junction table for institutes and programs)
INSERT INTO "institute_programs_offered" ("institute_id", "program_id")
VALUES
('CCCCCCCC-CCCC-CCCC-CCCC-CCCCCCCCCCC1', 'DDDDDDDD-DDDD-DDDD-DDDD-DDDDDDDDDDD1'),
('CCCCCCCC-CCCC-CCCC-CCCC-CCCCCCCCCCC2', 'DDDDDDDD-DDDD-DDDD-DDDD-DDDDDDDDDDD2'),
('CCCCCCCC-CCCC-CCCC-CCCC-CCCCCCCCCCC3', 'DDDDDDDD-DDDD-DDDD-DDDD-DDDDDDDDDDD3'),
('CCCCCCCC-CCCC-CCCC-CCCC-CCCCCCCCCCC4', 'DDDDDDDD-DDDD-DDDD-DDDD-DDDDDDDDDDD4'),
('CCCCCCCC-CCCC-CCCC-CCCC-CCCCCCCCCCC5', 'DDDDDDDD-DDDD-DDDD-DDDD-DDDDDDDDDDD5'),
('CCCCCCCC-CCCC-CCCC-CCCC-CCCCCCCCCCC6', 'DDDDDDDD-DDDD-DDDD-DDDD-DDDDDDDDDDD6'),
('CCCCCCCC-CCCC-CCCC-CCCC-CCCCCCCCCCC7', 'DDDDDDDD-DDDD-DDDD-DDDD-DDDDDDDDDDD7'),
('CCCCCCCC-CCCC-CCCC-CCCC-CCCCCCCCCCC8', 'DDDDDDDD-DDDD-DDDD-DDDD-DDDDDDDDDDD8'),
('CCCCCCCC-CCCC-CCCC-CCCC-CCCCCCCCCCC9', 'DDDDDDDD-DDDD-DDDD-DDDD-DDDDDDDDDDD9'),
('CCCCCCCC-CCCC-CCCC-CCCC-CCCCCCCCCC10', 'DDDDDDDD-DDDD-DDDD-DDDD-DDDDDDDDDD10');

-- 19. INSTITUTE_PROGRAMS_CONSIDERED (junction table for institutes and programs)
INSERT INTO "institute_programs_considered" ("institute_id", "program_id")
VALUES
('CCCCCCCC-CCCC-CCCC-CCCC-CCCCCCCCCCC1', 'DDDDDDDD-DDDD-DDDD-DDDD-DDDDDDDDDDD2'),
('CCCCCCCC-CCCC-CCCC-CCCC-CCCCCCCCCCC2', 'DDDDDDDD-DDDD-DDDD-DDDD-DDDDDDDDDDD3'),
('CCCCCCCC-CCCC-CCCC-CCCC-CCCCCCCCCCC3', 'DDDDDDDD-DDDD-DDDD-DDDD-DDDDDDDDDDD4'),
('CCCCCCCC-CCCC-CCCC-CCCC-CCCCCCCCCCC4', 'DDDDDDDD-DDDD-DDDD-DDDD-DDDDDDDDDDD5'),
('CCCCCCCC-CCCC-CCCC-CCCC-CCCCCCCCCCC5', 'DDDDDDDD-DDDD-DDDD-DDDD-DDDDDDDDDDD6'),
('CCCCCCCC-CCCC-CCCC-CCCC-CCCCCCCCCCC6', 'DDDDDDDD-DDDD-DDDD-DDDD-DDDDDDDDDDD7'),
('CCCCCCCC-CCCC-CCCC-CCCC-CCCCCCCCCCC7', 'DDDDDDDD-DDDD-DDDD-DDDD-DDDDDDDDDDD8'),
('CCCCCCCC-CCCC-CCCC-CCCC-CCCCCCCCCCC8', 'DDDDDDDD-DDDD-DDDD-DDDD-DDDDDDDDDDD9'),
('CCCCCCCC-CCCC-CCCC-CCCC-CCCCCCCCCCC9', 'DDDDDDDD-DDDD-DDDD-DDDD-DDDDDDDDDD10'),
('CCCCCCCC-CCCC-CCCC-CCCC-CCCCCCCCCC10', 'DDDDDDDD-DDDD-DDDD-DDDD-DDDDDDDDDDD1');

-- 20. PROGRAM_INTAKES (references "programs")
INSERT INTO "program_intakes" ("program_id", "year", "intake")
VALUES
('DDDDDDDD-DDDD-DDDD-DDDD-DDDDDDDDDDD1', 2021, 120),
('DDDDDDDD-DDDD-DDDD-DDDD-DDDDDDDDDDD2', 2021, 90),
('DDDDDDDD-DDDD-DDDD-DDDD-DDDDDDDDDDD3', 2021, 60),
('DDDDDDDD-DDDD-DDDD-DDDD-DDDDDDDDDDD4', 2022, 40),
('DDDDDDDD-DDDD-DDDD-DDDD-DDDDDDDDDDD5', 2022, 80),
('DDDDDDDD-DDDD-DDDD-DDDD-DDDDDDDDDDD6', 2023, 100),
('DDDDDDDD-DDDD-DDDD-DDDD-DDDDDDDDDDD7', 2023, 50),
('DDDDDDDD-DDDD-DDDD-DDDD-DDDDDDDDDDD8', 2024, 70),
('DDDDDDDD-DDDD-DDDD-DDDD-DDDDDDDDDDD9', 2024, 100),
('DDDDDDDD-DDDD-DDDD-DDDD-DDDDDDDDDD10', 2025, 30);


-- 21. DEPARTMENTS (depends on programs)
INSERT INTO "departments" ("id", "name", "program_id")
VALUES
('aaaaaaaa-0000-0000-0000-000000000001', 'Computer Science Department', 'DDDDDDDD-DDDD-DDDD-DDDD-DDDDDDDDDDD1'),
('aaaaaaaa-0000-0000-0000-000000000002', 'Mechanical Engineering Dept', 'DDDDDDDD-DDDD-DDDD-DDDD-DDDDDDDDDDD2'),
('aaaaaaaa-0000-0000-0000-000000000003', 'Business Administration Dept', 'DDDDDDDD-DDDD-DDDD-DDDD-DDDDDDDDDDD3'),
('aaaaaaaa-0000-0000-0000-000000000004', 'Electrical Engineering Dept', 'DDDDDDDD-DDDD-DDDD-DDDD-DDDDDDDDDDD4'),
('aaaaaaaa-0000-0000-0000-000000000005', 'Civil Engineering Dept', 'DDDDDDDD-DDDD-DDDD-DDDD-DDDDDDDDDDD5'),
('aaaaaaaa-0000-0000-0000-000000000006', 'Information Technology Dept', 'DDDDDDDD-DDDD-DDDD-DDDD-DDDDDDDDDDD6'),
('aaaaaaaa-0000-0000-0000-000000000007', 'Design Department', 'DDDDDDDD-DDDD-DDDD-DDDD-DDDDDDDDDDD7'),
('aaaaaaaa-0000-0000-0000-000000000008', 'Chemical Engineering Dept', 'DDDDDDDD-DDDD-DDDD-DDDD-DDDDDDDDDDD8'),
('aaaaaaaa-0000-0000-0000-000000000009', 'Electronics Engineering Dept', 'DDDDDDDD-DDDD-DDDD-DDDD-DDDDDDDDDDD9'),
('aaaaaaaa-0000-0000-0000-000000000010', 'Automation Dept', 'DDDDDDDD-DDDD-DDDD-DDDD-DDDDDDDDDD10');

-- 22. BRANCHES (depends on departments)
INSERT INTO "branches" ("id", "name", "department_id")
VALUES
('bbbbbbbb-0000-0000-0000-000000000001', 'Branch A', 'aaaaaaaa-0000-0000-0000-000000000001'),
('bbbbbbbb-0000-0000-0000-000000000002', 'Branch B', 'aaaaaaaa-0000-0000-0000-000000000002'),
('bbbbbbbb-0000-0000-0000-000000000003', 'Branch C', 'aaaaaaaa-0000-0000-0000-000000000003'),
('bbbbbbbb-0000-0000-0000-000000000004', 'Branch D', 'aaaaaaaa-0000-0000-0000-000000000004'),
('bbbbbbbb-0000-0000-0000-000000000005', 'Branch E', 'aaaaaaaa-0000-0000-0000-000000000005'),
('bbbbbbbb-0000-0000-0000-000000000006', 'Branch F', 'aaaaaaaa-0000-0000-0000-000000000006'),
('bbbbbbbb-0000-0000-0000-000000000007', 'Branch G', 'aaaaaaaa-0000-0000-0000-000000000007'),
('bbbbbbbb-0000-0000-0000-000000000008', 'Branch H', 'aaaaaaaa-0000-0000-0000-000000000008'),
('bbbbbbbb-0000-0000-0000-000000000009', 'Branch I', 'aaaaaaaa-0000-0000-0000-000000000009'),
('bbbbbbbb-0000-0000-0000-000000000010', 'Branch J', 'aaaaaaaa-0000-0000-0000-000000000010');

-- 23. BRANCH_INTAKES (depends on branches)
INSERT INTO "branch_intakes" ("branch_id", "year", "allowed_batch_size")
VALUES
('bbbbbbbb-0000-0000-0000-000000000001', 2021, 60),
('bbbbbbbb-0000-0000-0000-000000000002', 2021, 55),
('bbbbbbbb-0000-0000-0000-000000000003', 2021, 70),
('bbbbbbbb-0000-0000-0000-000000000004', 2022, 65),
('bbbbbbbb-0000-0000-0000-000000000005', 2022, 80),
('bbbbbbbb-0000-0000-0000-000000000006', 2023, 50),
('bbbbbbbb-0000-0000-0000-000000000007', 2023, 75),
('bbbbbbbb-0000-0000-0000-000000000008', 2024, 60),
('bbbbbbbb-0000-0000-0000-000000000009', 2024, 85),
('bbbbbbbb-0000-0000-0000-000000000010', 2025, 40);

-- 24. ORGANIZERS (no dependencies; type is COMMUNITY_TYPE)
INSERT INTO "organizers" ("id", "type", "name")
VALUES
('cccccccc-0000-0000-0000-000000000001', 'CLUBS', 'Science Club'),
('cccccccc-0000-0000-0000-000000000002', 'NGO', 'Youth Empowerment Org'),
('cccccccc-0000-0000-0000-000000000003', 'GOVERNMENT', 'City Council'),
('cccccccc-0000-0000-0000-000000000004', 'INDUSTRY', 'Tech Innovators Inc.'),
('cccccccc-0000-0000-0000-000000000005', 'CLUBS', 'Debate Club'),
('cccccccc-0000-0000-0000-000000000006', 'NGO', 'Green Earth'),
('cccccccc-0000-0000-0000-000000000007', 'GOVERNMENT', 'State Department'),
('cccccccc-0000-0000-0000-000000000008', 'INDUSTRY', 'Auto Makers Ltd.'),
('cccccccc-0000-0000-0000-000000000009', 'CLUBS', 'Art Club'),
('cccccccc-0000-0000-0000-000000000010', 'NGO', 'Community Helpers');

-- 25. SDG_GOALS (no dependencies)
INSERT INTO "sdg_goals" ("id", "number", "goal")
VALUES
('dddddddd-0000-0000-0000-000000000001', 1, 'No Poverty'),
('dddddddd-0000-0000-0000-000000000002', 2, 'Zero Hunger'),
('dddddddd-0000-0000-0000-000000000003', 3, 'Good Health and Well-being'),
('dddddddd-0000-0000-0000-000000000004', 4, 'Quality Education'),
('dddddddd-0000-0000-0000-000000000005', 5, 'Gender Equality'),
('dddddddd-0000-0000-0000-000000000006', 6, 'Clean Water and Sanitation'),
('dddddddd-0000-0000-0000-000000000007', 7, 'Affordable and Clean Energy'),
('dddddddd-0000-0000-0000-000000000008', 8, 'Decent Work and Economic Growth'),
('dddddddd-0000-0000-0000-000000000009', 9, 'Industry, Innovation and Infrastructure'),
('dddddddd-0000-0000-0000-000000000010', 10, 'Reduced Inequalities');

-- 26. EVENTS
INSERT INTO "events" ("id", "name", "date", "start_time", "end_time", "venue", "organizer_id", "level", "objective", "description", "sdg_goals")
VALUES
('EEEEEEEE-EEEE-EEEE-EEEE-EEEEEEEEEE01', 'Tech Expo 2025', '2025-05-10 09:00:00', '2025-05-10 09:00:00', '2025-05-10 17:00:00', 'Main Convention Center', 'cccccccc-0000-0000-0000-000000000001', 'INTERNATIONAL', 'COMPETITIVE', 'Annual tech exhibition showcasing innovations', '{"dddddddd-0000-0000-0000-000000000001"}'),
('EEEEEEEE-EEEE-EEEE-EEEE-EEEEEEEEEE02', 'Innovation Summit', '2025-06-15 10:00:00', '2025-06-15 10:00:00', '2025-06-15 16:00:00', 'City Hall', 'cccccccc-0000-0000-0000-000000000002', 'NATIONAL', 'INFORMATIONAL', 'A summit to discuss cutting-edge ideas', '{"dddddddd-0000-0000-0000-000000000002"}'),
('EEEEEEEE-EEEE-EEEE-EEEE-EEEEEEEEEE03', 'Research Conference', '2025-07-20 08:30:00', '2025-07-20 08:30:00', '2025-07-20 15:30:00', 'University Auditorium', 'cccccccc-0000-0000-0000-000000000003', 'INTERNAL', 'COMPETITIVE', 'Conference on latest research trends', '{"dddddddd-0000-0000-0000-000000000003"}'),
('EEEEEEEE-EEEE-EEEE-EEEE-EEEEEEEEEE04', 'Cultural Fest', '2025-08-05 11:00:00', '2025-08-05 11:00:00', '2025-08-05 19:00:00', 'Cultural Ground', 'cccccccc-0000-0000-0000-000000000004', 'STATE', 'INFORMATIONAL', 'A festival celebrating diverse cultures', '{"dddddddd-0000-0000-0000-000000000004"}'),
('EEEEEEEE-EEEE-EEEE-EEEE-EEEEEEEEEE05', 'Startup Pitch', '2025-09-12 14:00:00', '2025-09-12 14:00:00', '2025-09-12 18:00:00', 'Innovation Hub', 'cccccccc-0000-0000-0000-000000000005', 'NATIONAL', 'COMPETITIVE', 'Pitching session for startups', '{"dddddddd-0000-0000-0000-000000000005"}'),
('EEEEEEEE-EEEE-EEEE-EEEE-EEEEEEEEEE06', 'Health Symposium', '2025-10-01 09:30:00', '2025-10-01 09:30:00', '2025-10-01 17:30:00', 'Medical College Auditorium', 'cccccccc-0000-0000-0000-000000000006', 'INTERNATIONAL', 'INFORMATIONAL', 'Symposium focusing on healthcare innovations', '{"dddddddd-0000-0000-0000-000000000006"}'),
('EEEEEEEE-EEEE-EEEE-EEEE-EEEEEEEEEE07', 'Data Science Workshop', '2025-11-05 10:15:00', '2025-11-05 10:15:00', '2025-11-05 15:15:00', 'Tech Park', 'cccccccc-0000-0000-0000-000000000007', 'STATE', 'COMPETITIVE', 'Hands-on workshop on data science', '{"dddddddd-0000-0000-0000-000000000007"}'),
('EEEEEEEE-EEEE-EEEE-EEEE-EEEEEEEEEE08', 'Art & Design Exhibition', '2025-12-10 11:00:00', '2025-12-10 11:00:00', '2025-12-10 17:00:00', 'Art Gallery', 'cccccccc-0000-0000-0000-000000000008', 'INTERNAL', 'INFORMATIONAL', 'Exhibition of design and art projects', '{"dddddddd-0000-0000-0000-000000000008"}'),
('EEEEEEEE-EEEE-EEEE-EEEE-EEEEEEEEEE09', 'Robotics Challenge', '2026-01-15 08:00:00', '2026-01-15 08:00:00', '2026-01-15 14:00:00', 'Robotics Lab', 'cccccccc-0000-0000-0000-000000000009', 'NATIONAL', 'COMPETITIVE', 'Competition among robotics teams', '{"dddddddd-0000-0000-0000-000000000009"}'),
('EEEEEEEE-EEEE-EEEE-EEEE-EEEEEEEEEE10', 'Literary Meet', '2026-02-20 10:00:00', '2026-02-20 10:00:00', '2026-02-20 16:00:00', 'Community Hall', 'cccccccc-0000-0000-0000-000000000010', 'STATE', 'INFORMATIONAL', 'Literary discussion and book reviews', '{"dddddddd-0000-0000-0000-000000000010"}');

-- 27. EVENT_SDG_GOALS
INSERT INTO "event_sdg_goals" ("event_id", "sdg_goal_id")
VALUES
('EEEEEEEE-EEEE-EEEE-EEEE-EEEEEEEEEE01', 'dddddddd-0000-0000-0000-000000000001'),
('EEEEEEEE-EEEE-EEEE-EEEE-EEEEEEEEEE02', 'dddddddd-0000-0000-0000-000000000002'),
('EEEEEEEE-EEEE-EEEE-EEEE-EEEEEEEEEE03', 'dddddddd-0000-0000-0000-000000000003'),
('EEEEEEEE-EEEE-EEEE-EEEE-EEEEEEEEEE04', 'dddddddd-0000-0000-0000-000000000004'),
('EEEEEEEE-EEEE-EEEE-EEEE-EEEEEEEEEE05', 'dddddddd-0000-0000-0000-000000000005'),
('EEEEEEEE-EEEE-EEEE-EEEE-EEEEEEEEEE06', 'dddddddd-0000-0000-0000-000000000006'),
('EEEEEEEE-EEEE-EEEE-EEEE-EEEEEEEEEE07', 'dddddddd-0000-0000-0000-000000000007'),
('EEEEEEEE-EEEE-EEEE-EEEE-EEEEEEEEEE08', 'dddddddd-0000-0000-0000-000000000008'),
('EEEEEEEE-EEEE-EEEE-EEEE-EEEEEEEEEE09', 'dddddddd-0000-0000-0000-000000000009'),
('EEEEEEEE-EEEE-EEEE-EEEE-EEEEEEEEEE10', 'dddddddd-0000-0000-0000-000000000010');

-- 28. COMPETITIVE_EVENTS
INSERT INTO "competitive_events" ("id", "classification", "type", "participant_id", "position", "award")
VALUES
('FFFFFFFF-FFFF-FFFF-FFFF-FFFFFFFFFF01', 'INDIVIDUAL', 'SPORTS', '11111111-1111-1111-1111-111111111101', 1, 'Gold Medal'),
('FFFFFFFF-FFFF-FFFF-FFFF-FFFFFFFFFF02', 'TEAM', 'CULTURAL', '11111111-1111-1111-1111-111111111102', 2, 'Silver Medal'),
('FFFFFFFF-FFFF-FFFF-FFFF-FFFFFFFFFF03', 'INDIVIDUAL', 'ACADEMIC', '11111111-1111-1111-1111-111111111103', 3, 'Certificate of Excellence'),
('FFFFFFFF-FFFF-FFFF-FFFF-FFFFFFFFFF04', 'TEAM', 'OTHER', '11111111-1111-1111-1111-111111111104', 1, 'Trophy'),
('FFFFFFFF-FFFF-FFFF-FFFF-FFFFFFFFFF05', 'INDIVIDUAL', 'SPORTS', '11111111-1111-1111-1111-111111111105', 2, 'Medal'),
('FFFFFFFF-FFFF-FFFF-FFFF-FFFFFFFFFF06', 'TEAM', 'CULTURAL', '11111111-1111-1111-1111-111111111106', 3, 'Plaque'),
('FFFFFFFF-FFFF-FFFF-FFFF-FFFFFFFFFF07', 'INDIVIDUAL', 'ACADEMIC', '11111111-1111-1111-1111-111111111107', 4, 'Award'),
('FFFFFFFF-FFFF-FFFF-FFFF-FFFFFFFFFF08', 'TEAM', 'OTHER', '11111111-1111-1111-1111-111111111108', 1, 'Honor'),
('FFFFFFFF-FFFF-FFFF-FFFF-FFFFFFFFFF09', 'INDIVIDUAL', 'SPORTS', '11111111-1111-1111-1111-111111111109', 2, 'Gold Medal'),
('FFFFFFFF-FFFF-FFFF-FFFF-FFFFFFFFFF10', 'TEAM', 'CULTURAL', '11111111-1111-1111-1111-111111111110', 3, 'Silver Medal');

-- 29. INFORMATIONAL_EVENTS
INSERT INTO "informational_events" ("id", "speaker", "no_of_students", "no_of_teachers", "link_to_report", "geotagged_photographs")
VALUES
('GGGGGGGG-GGGG-GGGG-GGGG-GGGGGGGG01', 'Dr. Smith', 100, 10, 'http://example.com/report1', '{"photo1.jpg", "photo2.jpg"}'),
('GGGGGGGG-GGGG-GGGG-GGGG-GGGGGGGG02', 'Prof. Johnson', 150, 15, 'http://example.com/report2', '{"photo3.jpg", "photo4.jpg"}'),
('GGGGGGGG-GGGG-GGGG-GGGG-GGGGGGGG03', 'Dr. Williams', 200, 20, 'http://example.com/report3', '{"photo5.jpg", "photo6.jpg"}'),
('GGGGGGGG-GGGG-GGGG-GGGG-GGGGGGGG04', 'Dr. Brown', 120, 12, 'http://example.com/report4', '{"photo7.jpg", "photo8.jpg"}'),
('GGGGGGGG-GGGG-GGGG-GGGG-GGGGGGGG05', 'Prof. Davis', 130, 13, 'http://example.com/report5', '{"photo9.jpg", "photo10.jpg"}'),
('GGGGGGGG-GGGG-GGGG-GGGG-GGGGGGGG06', 'Dr. Miller', 110, 11, 'http://example.com/report6', '{"photo11.jpg", "photo12.jpg"}'),
('GGGGGGGG-GGGG-GGGG-GGGG-GGGGGGGG07', 'Prof. Wilson', 140, 14, 'http://example.com/report7', '{"photo13.jpg", "photo14.jpg"}'),
('GGGGGGGG-GGGG-GGGG-GGGG-GGGGGGGG08', 'Dr. Moore', 160, 16, 'http://example.com/report8', '{"photo15.jpg", "photo16.jpg"}'),
('GGGGGGGG-GGGG-GGGG-GGGG-GGGGGGGG09', 'Dr. Taylor', 170, 17, 'http://example.com/report9', '{"photo17.jpg", "photo18.jpg"}'),
('GGGGGGGG-GGGG-GGGG-GGGG-GGGGGGGG10', 'Prof. Anderson', 180, 18, 'http://example.com/report10', '{"photo19.jpg", "photo20.jpg"}');

-- 30. GPA
INSERT INTO "GPA" ("student_id", "semester", "GPA", "credits")
VALUES
('11111111-1111-1111-1111-111111111101', 1, 8.50, 20),
('11111111-1111-1111-1111-111111111102', 1, 7.80, 18),
('11111111-1111-1111-1111-111111111103', 2, 8.20, 22),
('11111111-1111-1111-1111-111111111104', 2, 7.90, 19),
('11111111-1111-1111-1111-111111111105', 3, 8.70, 24),
('11111111-1111-1111-1111-111111111106', 3, 8.00, 21),
('11111111-1111-1111-1111-111111111107', 4, 7.50, 20),
('11111111-1111-1111-1111-111111111108', 4, 8.10, 23),
('11111111-1111-1111-1111-111111111109', 5, 8.30, 25),
('11111111-1111-1111-1111-111111111110', 5, 7.70, 19);

-- 31. FACULTY_COURSES
INSERT INTO "faculty_courses" ("faculty_id", "name_of_course", "developed")
VALUES
('11111111-1111-1111-1111-111111111101', 'Introduction to Computer Science', true),
('11111111-1111-1111-1111-111111111102', 'Advanced Mathematics', false),
('11111111-1111-1111-1111-111111111103', 'Physics I', true),
('11111111-1111-1111-1111-111111111104', 'Chemistry Basics', false),
('11111111-1111-1111-1111-111111111105', 'Engineering Mechanics', true),
('11111111-1111-1111-1111-111111111106', 'Software Engineering', true),
('11111111-1111-1111-1111-111111111107', 'Data Structures', false),
('11111111-1111-1111-1111-111111111108', 'Algorithms', true),
('11111111-1111-1111-1111-111111111109', 'Operating Systems', false),
('11111111-1111-1111-1111-111111111110', 'Database Systems', true);

-- 32. FACULTY_STUDENT_INNOVATIVE_PROJECTS
INSERT INTO "faculty_student_innovative_projects" ("faculty_id", "name_of_event", "link_of_website")
VALUES
('11111111-1111-1111-1111-111111111101', 'Innovate 2025', 'http://example.com/innovate2025'),
('11111111-1111-1111-1111-111111111102', 'Tech Fair', 'http://example.com/techfair'),
('11111111-1111-1111-1111-111111111103', 'Robotics Expo', 'http://example.com/robotics'),
('11111111-1111-1111-1111-111111111104', 'Coding Hackathon', 'http://example.com/hackathon'),
('11111111-1111-1111-1111-111111111105', 'AI Summit', 'http://example.com/aisummit'),
('11111111-1111-1111-1111-111111111106', 'Data Science Challenge', 'http://example.com/dschallenge'),
('11111111-1111-1111-1111-111111111107', 'Design Marathon', 'http://example.com/designmarathon'),
('11111111-1111-1111-1111-111111111108', 'Innovation Week', 'http://example.com/innovationweek'),
('11111111-1111-1111-1111-111111111109', 'Research Conclave', 'http://example.com/researchconclave'),
('11111111-1111-1111-1111-111111111110', 'Startup Garage', 'http://example.com/startupgarage');

-- 33. FACULTY_INTERNSHIP_TRAINING_COLLABORATION
INSERT INTO "faculty_internship_training_collaboration" ("faculty_id", "name_of_itc", "name_of_company", "type", "outcomes")
VALUES
('11111111-1111-1111-1111-111111111101', 'Internship Program A', 'Company A', 'INTERNSHIP', 'Interns gained practical skills'),
('11111111-1111-1111-1111-111111111102', 'Training Session B', 'Company B', 'TRAINING', 'Participants received training certificates'),
('11111111-1111-1111-1111-111111111103', 'Collaboration Project C', 'Company C', 'COLLABORATION', 'Joint research project outcome'),
('11111111-1111-1111-1111-111111111104', 'Internship Program D', 'Company D', 'INTERNSHIP', 'Enhanced industry exposure'),
('11111111-1111-1111-1111-111111111105', 'Training Workshop E', 'Company E', 'TRAINING', 'Improved technical skills'),
('11111111-1111-1111-1111-111111111106', 'Collaboration Initiative F', 'Company F', 'COLLABORATION', 'Developed innovative solutions'),
('11111111-1111-1111-1111-111111111107', 'Internship Program G', 'Company G', 'INTERNSHIP', 'Hands-on project experience'),
('11111111-1111-1111-1111-111111111108', 'Training Session H', 'Company H', 'TRAINING', 'Enhanced soft skills'),
('11111111-1111-1111-1111-111111111109', 'Collaboration Project I', 'Company I', 'COLLABORATION', 'Successful joint venture'),
('11111111-1111-1111-1111-111111111110', 'Internship Program J', 'Company J', 'INTERNSHIP', 'Valuable industry exposure');

-- 34. FACULTY_SPONSORED_RESEARCH_PROJECTS_CONSULTANCY_WORK_INSTITUTE_SEED_MONEY
INSERT INTO "faculty_sponsored_research_projects_consultancy_work_institute_seed_money"
("type", "name_of_principal_investigator", "name_of_co_principal_investigator", "department_id", "project_title", "name_of_funding_agency", "duration_of_project", "amount_inr", "outcomes")
VALUES
('SPONSORED_RESEARCH_PROJECT', 'Dr. Alpha', 'Dr. Beta', 'aaaaaaaa-0000-0000-0000-000000000001', 'Project Quantum', 'Funding Org A', '2 years', 500000, 'Breakthrough in quantum computing'),
('CONSULTANCY_WORK', 'Dr. Gamma', 'Dr. Delta', 'aaaaaaaa-0000-0000-0000-000000000002', 'Project Delta', 'Consultancy Inc.', '1 year', 300000, 'Enhanced process efficiency'),
('INSTITUTE_SEED_MONEY', 'Dr. Epsilon', 'Dr. Zeta', 'aaaaaaaa-0000-0000-0000-000000000003', 'Project Zeta', 'Seed Fund Corp.', '18 months', 250000, 'Pilot project success'),
('SPONSORED_RESEARCH_PROJECT', 'Dr. Eta', 'Dr. Theta', 'aaaaaaaa-0000-0000-0000-000000000004', 'Project Theta', 'Fund Agency', '2 years', 600000, 'Novel research findings'),
('CONSULTANCY_WORK', 'Dr. Iota', 'Dr. Kappa', 'aaaaaaaa-0000-0000-0000-000000000005', 'Project Kappa', 'Consultancy Experts', '1.5 years', 350000, 'Improved system design'),
('INSTITUTE_SEED_MONEY', 'Dr. Lambda', 'Dr. Mu', 'aaaaaaaa-0000-0000-0000-000000000006', 'Project Mu', 'Seed Money Org', '2 years', 400000, 'Successful prototype development'),
('SPONSORED_RESEARCH_PROJECT', 'Dr. Nu', 'Dr. Xi', 'aaaaaaaa-0000-0000-0000-000000000007', 'Project Xi', 'Research Fund X', '3 years', 750000, 'Advanced research outcomes'),
('CONSULTANCY_WORK', 'Dr. Omicron', 'Dr. Pi', 'aaaaaaaa-0000-0000-0000-000000000008', 'Project Pi', 'Consultancy Group', '1 year', 200000, 'Operational improvements'),
('INSTITUTE_SEED_MONEY', 'Dr. Rho', 'Dr. Sigma', 'aaaaaaaa-0000-0000-0000-000000000009', 'Project Sigma', 'Seed Money Group', '2.5 years', 800000, 'Innovative technology development'),
('SPONSORED_RESEARCH_PROJECT', 'Dr. Tau', 'Dr. Upsilon', 'aaaaaaaa-0000-0000-0000-000000000010', 'Project Upsilon', 'Funding Agency B', '2 years', 550000, 'Significant research impact');

-- 35. ADJUNCT_FACULTY
INSERT INTO "adjunct_faculty" ("faculty_id", "hours_handled", "subjects")
VALUES
('11111111-1111-1111-1111-111111111101', 10, '{"Mathematics", "Physics"}'),
('11111111-1111-1111-1111-111111111102', 12, '{"Chemistry"}'),
('11111111-1111-1111-1111-111111111103', 8, '{"Biology", "Environmental Science"}'),
('11111111-1111-1111-1111-111111111104', 15, '{"Computer Science", "Data Structures"}'),
('11111111-1111-1111-1111-111111111105', 9, '{"History", "Social Studies"}'),
('11111111-1111-1111-1111-111111111106', 11, '{"Economics", "Statistics"}'),
('11111111-1111-1111-1111-111111111107', 10, '{"Philosophy"}'),
('11111111-1111-1111-1111-111111111108', 14, '{"Political Science", "Law"}'),
('11111111-1111-1111-1111-111111111109', 7, '{"Sociology"}'),
('11111111-1111-1111-1111-111111111110', 13, '{"Psychology", "Management"}');

-- 36. STUDENTS
INSERT INTO "students" 
("id", "admission_no", "registration_no", "origin", "gender", "branch_id", "batch_year", "year_of_join", "type_of_join", "year_of_exit", "type_of_exit", "social_disadvantage", "economic_disadvantage", "physically_challenged")
VALUES
('S0000000-0000-0000-0000-000000000001', 'ADM2025001', 'REG2025001', 'IN_STATE', 'FEMALE', 'bbbbbbbb-0000-0000-0000-000000000001', 2025, 2025, 'REGULAR', 2029, 'REGULAR', 'SC', false, false),
('S0000000-0000-0000-0000-000000000002', 'ADM2025002', 'REG2025002', 'INTERNATIONAL', 'MALE', 'bbbbbbbb-0000-0000-0000-000000000002', 2025, 2025, 'REGULAR', 2029, 'REGULAR', 'OBC', false, false),
('S0000000-0000-0000-0000-000000000003', 'ADM2025003', 'REG2025003', 'IN_STATE', 'FEMALE', 'bbbbbbbb-0000-0000-0000-000000000003', 2025, 2025, 'OTHER', 2028, 'LEFT', 'SC', true, false),
('S0000000-0000-0000-0000-000000000004', 'ADM2025004', 'REG2025004', 'INTERNATIONAL', 'MALE', 'bbbbbbbb-0000-0000-0000-000000000004', 2025, 2025, 'REGULAR', 2029, 'REGULAR', 'OBC', false, true),
('S0000000-0000-0000-0000-000000000005', 'ADM2025005', 'REG2025005', 'IN_STATE', 'FEMALE', 'bbbbbbbb-0000-0000-0000-000000000005', 2025, 2025, 'REGULAR', 2029, 'REGULAR', 'SC', false, false),
('S0000000-0000-0000-0000-000000000006', 'ADM2025006', 'REG2025006', 'INTERNATIONAL', 'MALE', 'bbbbbbbb-0000-0000-0000-000000000006', 2025, 2025, 'OTHER', 2028, 'LEFT', 'OBC', true, false),
('S0000000-0000-0000-0000-000000000007', 'ADM2025007', 'REG2025007', 'IN_STATE', 'FEMALE', 'bbbbbbbb-0000-0000-0000-000000000007', 2025, 2025, 'REGULAR', 2029, 'REGULAR', 'SC', false, false),
('S0000000-0000-0000-0000-000000000008', 'ADM2025008', 'REG2025008', 'INTERNATIONAL', 'MALE', 'bbbbbbbb-0000-0000-0000-000000000008', 2025, 2025, 'REGULAR', 2029, 'REGULAR', 'OBC', false, false),
('S0000000-0000-0000-0000-000000000009', 'ADM2025009', 'REG2025009', 'IN_STATE', 'FEMALE', 'bbbbbbbb-0000-0000-0000-000000000009', 2025, 2025, 'OTHER', 2028, 'LEFT', 'SC', true, true),
('S0000000-0000-0000-0000-000000000010', 'ADM2025010', 'REG2025010', 'INTERNATIONAL', 'MALE', 'bbbbbbbb-0000-0000-0000-000000000010', 2025, 2025, 'REGULAR', 2029, 'REGULAR', 'OBC', false, false);

-- 37. FACULTY
INSERT INTO "faculty" 
("id", "employee_id", "department_id", "designation", "pan_no", "apaar_id", "highest_degree", "university", "area_of_specialization", "date_of_join", "designation_at_join", "designated_as_professor", "designated_as_associate_professor", "designated_as_assistant_professor", "nature_of_association", "contractual_obligation", "currently_associated", "date_of_leave")
VALUES
('F0000000-0000-0000-0000-000000000001', 'EMP1001', 'aaaaaaaa-0000-0000-0000-000000000001', 'Assistant Professor', 'PAN001', 'AP001', 'DOCTORAL', 'Univ A', 'Computer Science', '2020-07-01', 'Lecturer', '2023-01-01', '2021-06-01', '2020-09-01', 'REGULAR', 'FULL_TIME', true, '9999-12-31'),
('F0000000-0000-0000-0000-000000000002', 'EMP1002', 'aaaaaaaa-0000-0000-0000-000000000002', 'Associate Professor', 'PAN002', 'AP002', 'ASSOCIATE', 'Univ B', 'Mechanical Engineering', '2019-08-15', 'Senior Lecturer', '2022-02-01', '2020-05-01', '2019-10-01', 'AD_HOC', 'PART_TIME', true, '9999-12-31'),
('F0000000-0000-0000-0000-000000000003', 'EMP1003', 'aaaaaaaa-0000-0000-0000-000000000003', 'Professor', 'PAN003', 'AP003', 'DOCTORAL', 'Univ C', 'Business Administration', '2018-09-10', 'Assistant Professor', '2021-03-01', '2020-04-01', '2018-11-01', 'REGULAR', 'FULL_TIME', true, '9999-12-31'),
('F0000000-0000-0000-0000-000000000004', 'EMP1004', 'aaaaaaaa-0000-0000-0000-000000000004', 'Assistant Professor', 'PAN004', 'AP004', 'ASSOCIATE', 'Univ D', 'Electrical Engineering', '2021-01-20', 'Lecturer', '2023-05-01', '2021-08-01', '2021-01-20', 'REGULAR', 'PART_TIME', true, '9999-12-31'),
('F0000000-0000-0000-0000-000000000005', 'EMP1005', 'aaaaaaaa-0000-0000-0000-000000000005', 'Associate Professor', 'PAN005', 'AP005', 'DOCTORAL', 'Univ E', 'Civil Engineering', '2017-06-30', 'Assistant Professor', '2022-07-01', '2020-03-01', '2017-06-30', 'REGULAR', 'FULL_TIME', true, '9999-12-31'),
('F0000000-0000-0000-0000-000000000006', 'EMP1006', 'aaaaaaaa-0000-0000-0000-000000000006', 'Professor', 'PAN006', 'AP006', 'DOCTORAL', 'Univ F', 'Information Technology', '2016-05-10', 'Lecturer', '2022-01-01', '2020-11-01', '2016-05-10', 'AD_HOC', 'FULL_TIME', true, '9999-12-31'),
('F0000000-0000-0000-0000-000000000007', 'EMP1007', 'aaaaaaaa-0000-0000-0000-000000000007', 'Assistant Professor', 'PAN007', 'AP007', 'ASSOCIATE', 'Univ G', 'Design', '2020-03-05', 'Instructor', '2023-02-01', '2021-01-15', '2020-03-05', 'REGULAR', 'PART_TIME', true, '9999-12-31'),
('F0000000-0000-0000-0000-000000000008', 'EMP1008', 'aaaaaaaa-0000-0000-0000-000000000008', 'Associate Professor', 'PAN008', 'AP008', 'DOCTORAL', 'Univ H', 'Chemical Engineering', '2019-12-01', 'Lecturer', '2022-10-01', '2020-08-01', '2019-12-01', 'AD_HOC', 'FULL_TIME', true, '9999-12-31'),
('F0000000-0000-0000-0000-000000000009', 'EMP1009', 'aaaaaaaa-0000-0000-0000-000000000009', 'Professor', 'PAN009', 'AP009', 'DOCTORAL', 'Univ I', 'Electronics Engineering', '2015-11-11', 'Assistant Professor', '2021-09-01', '2018-12-01', '2015-11-11', 'REGULAR', 'FULL_TIME', true, '9999-12-31'),
('F0000000-0000-0000-0000-000000000010', 'EMP1010', 'aaaaaaaa-0000-0000-0000-000000000010', 'Assistant Professor', 'PAN010', 'AP010', 'ASSOCIATE', 'Univ J', 'Automation', '2021-04-01', 'Lecturer', '2023-07-01', '2021-09-01', '2021-04-01', 'REGULAR', 'PART_TIME', true, '9999-12-31');

-- 38. PROFESSIONAL_COMMUNITIES
-- Assumed columns: "id", "name", "description"
INSERT INTO "professional_communities" ("id", "name", "description")
VALUES
('PC000000-0000-0000-0000-000000000001', 'IEEE', 'Institute of Electrical and Electronics Engineers'),
('PC000000-0000-0000-0000-000000000002', 'ACM', 'Association for Computing Machinery'),
('PC000000-0000-0000-0000-000000000003', 'ASME', 'American Society of Mechanical Engineers'),
('PC000000-0000-0000-0000-000000000004', 'AIChE', 'American Institute of Chemical Engineers'),
('PC000000-0000-0000-0000-000000000005', 'NAFSA', 'Association of International Educators'),
('PC000000-0000-0000-0000-000000000006', 'NACE', 'National Association of Colleges and Employers'),
('PC000000-0000-0000-0000-000000000007', 'SII', 'Society of Indian Industrialists'),
('PC000000-0000-0000-0000-000000000008', 'ISM', 'International Society of Magicians'),
('PC000000-0000-0000-0000-000000000009', 'SEMI', 'Semiconductor Equipment and Materials International'),
('PC000000-0000-0000-0000-000000000010', 'SPIE', 'International Society for Optics and Photonics');

-- 39. CONTINUING_EDUCATION_PROGRAMS
-- Assumed columns: "id", "program_name", "duration", "provider", "start_date"
INSERT INTO "continuing_education_programs" ("id", "program_name", "duration", "provider", "start_date")
VALUES
('CEP000000-0000-0000-0000-000000000001', 'Data Analytics Bootcamp', '3 months', 'Tech Institute', '2025-03-01'),
('CEP000000-0000-0000-0000-000000000002', 'AI and ML Workshop', '1 month', 'Innovate Academy', '2025-04-15'),
('CEP000000-0000-0000-0000-000000000003', 'Cybersecurity Essentials', '2 months', 'SecureTech', '2025-05-05'),
('CEP000000-0000-0000-0000-000000000004', 'Cloud Computing Fundamentals', '1 month', 'CloudPro', '2025-06-10'),
('CEP000000-0000-0000-0000-000000000005', 'Digital Marketing Course', '2 months', 'MarketMinds', '2025-07-01'),
('CEP000000-0000-0000-0000-000000000006', 'Project Management', '3 months', 'PMI Institute', '2025-08-20'),
('CEP000000-0000-0000-0000-000000000007', 'Entrepreneurship 101', '1.5 months', 'Startup Hub', '2025-09-15'),
('CEP000000-0000-0000-0000-000000000008', 'Advanced Excel', '1 month', 'OfficePro', '2025-10-05'),
('CEP000000-0000-0000-0000-000000000009', 'Blockchain Basics', '2 months', 'CryptoEd', '2025-11-01'),
('CEP000000-0000-0000-0000-000000000010', 'Soft Skills Development', '1 month', 'SkillUp', '2025-12-01');

-- 40. COLLABORATIVE_ACTIVITIES
-- Assumed columns: "id", "activity_type" (enum: 'RESEARCH' or 'INDUSTRY_INTERNSHIP'), "description", "agency_id", "user_id"
INSERT INTO "collaborative_activities" ("id", "activity_type", "description", "agency_id", "user_id")
VALUES
('CA000000-0000-0000-0000-000000000001', 'RESEARCH', 'Joint research project on AI ethics', '33333333-3333-3333-3333-333333333301', '11111111-1111-1111-1111-111111111101'),
('CA000000-0000-0000-0000-000000000002', 'INDUSTRY_INTERNSHIP', 'Internship collaboration with Tech Corp', '33333333-3333-3333-3333-333333333302', '11111111-1111-1111-1111-111111111102'),
('CA000000-0000-0000-0000-000000000003', 'RESEARCH', 'Research on renewable energy solutions', '33333333-3333-3333-3333-333333333303', '11111111-1111-1111-1111-111111111103'),
('CA000000-0000-0000-0000-000000000004', 'INDUSTRY_INTERNSHIP', 'Internship program in automotive innovation', '33333333-3333-3333-3333-333333333304', '11111111-1111-1111-1111-111111111104'),
('CA000000-0000-0000-0000-000000000005', 'RESEARCH', 'Collaboration on sustainable agriculture techniques', '33333333-3333-3333-3333-333333333305', '11111111-1111-1111-1111-111111111105'),
('CA000000-0000-0000-0000-000000000006', 'INDUSTRY_INTERNSHIP', 'Industry internship in semiconductor fabrication', '33333333-3333-3333-3333-333333333306', '11111111-1111-1111-1111-111111111106'),
('CA000000-0000-0000-0000-000000000007', 'RESEARCH', 'Joint project on biotechnology advancements', '33333333-3333-3333-3333-333333333307', '11111111-1111-1111-1111-111111111107'),
('CA000000-0000-0000-0000-000000000008', 'INDUSTRY_INTERNSHIP', 'Internship in financial technology solutions', '33333333-3333-3333-3333-333333333308', '11111111-1111-1111-1111-111111111108'),
('CA000000-0000-0000-0000-000000000009', 'RESEARCH', 'Research on smart city innovations', '33333333-3333-3333-3333-333333333309', '11111111-1111-1111-1111-111111111109'),
('CA000000-0000-0000-0000-000000000010', 'INDUSTRY_INTERNSHIP', 'Internship program in renewable energy', '33333333-3333-3333-3333-333333333310', '11111111-1111-1111-1111-111111111110');

-- 41. LABORATORIES_TECHNICAL_MANPOWER
INSERT INTO "laboratories_technical_manpower" ("id", "name", "designation", "qualification")
VALUES
('LT000000-0000-0000-0000-000000000001', 'John Doe', 'Technician', 'Diploma in Electronics'),
('LT000000-0000-0000-0000-000000000002', 'Jane Smith', 'Senior Technician', 'B.Tech in Electronics'),
('LT000000-0000-0000-0000-000000000003', 'Alice Johnson', 'Lab Assistant', 'Certificate in Lab Management'),
('LT000000-0000-0000-0000-000000000004', 'Robert Brown', 'Technician', 'Diploma in Mechanical Engineering'),
('LT000000-0000-0000-0000-000000000005', 'Emily Davis', 'Senior Technician', 'B.Tech in Mechanical Engineering'),
('LT000000-0000-0000-0000-000000000006', 'Michael Wilson', 'Lab Engineer', 'B.Tech in Chemical Engineering'),
('LT000000-0000-0000-0000-000000000007', 'Sarah Miller', 'Assistant Lab Engineer', 'Diploma in Chemical Technology'),
('LT000000-0000-0000-0000-000000000008', 'David Taylor', 'Technician', 'Diploma in IT'),
('LT000000-0000-0000-0000-000000000009', 'Laura Moore', 'Senior Technician', 'B.Tech in IT'),
('LT000000-0000-0000-0000-000000000010', 'Daniel Anderson', 'Lab Supervisor', 'MBA');

-- 42. E_RESOURCES
INSERT INTO "e_resources" ("faculty_id", "name", "development_platform", "date_of_launch", "link_to_relevant_document", "institute")
VALUES
('F0000000-0000-0000-0000-000000000001', 'E-Resource Portal A', 'Moodle', '2025-01-15', 'http://example.com/eresourceA', 'Institute A'),
('F0000000-0000-0000-0000-000000000002', 'E-Resource Portal B', 'Blackboard', '2025-02-20', 'http://example.com/eresourceB', 'Institute B'),
('F0000000-0000-0000-0000-000000000003', 'Digital Library', 'Canvas', '2025-03-10', 'http://example.com/digitallibrary', 'Institute C'),
('F0000000-0000-0000-0000-000000000004', 'Online Lab Manual', 'Google Classroom', '2025-04-05', 'http://example.com/olabmanual', 'Institute D'),
('F0000000-0000-0000-0000-000000000005', 'Video Tutorials', 'YouTube', '2025-05-15', 'http://example.com/videotutorials', 'Institute E'),
('F0000000-0000-0000-0000-000000000006', 'Webinars Hub', 'Zoom', '2025-06-25', 'http://example.com/webinars', 'Institute F'),
('F0000000-0000-0000-0000-000000000007', 'Interactive Module', 'Articulate', '2025-07-30', 'http://example.com/module', 'Institute G'),
('F0000000-0000-0000-0000-000000000008', 'Resource Center', 'Custom LMS', '2025-08-15', 'http://example.com/resourcecenter', 'Institute H'),
('F0000000-0000-0000-0000-000000000009', 'E-Learning Suite', 'Moodle', '2025-09-10', 'http://example.com/elearningsuite', 'Institute I'),
('F0000000-0000-0000-0000-000000000010', 'Digital Courseware', 'Canvas', '2025-10-05', 'http://example.com/digitalcourseware', 'Institute J');

-- 43. AFTER_GRADUATION
INSERT INTO "after_graduation" ("id", "student_id", "year", "type")
VALUES
('AG000000-0000-0000-0000-000000000001', 'S0000000-0000-0000-0000-000000000001', 2029, 'PLACEMENT'),
('AG000000-0000-0000-0000-000000000002', 'S0000000-0000-0000-0000-000000000002', 2029, 'ENTREPRENEURSHIP'),
('AG000000-0000-0000-0000-000000000003', 'S0000000-0000-0000-0000-000000000003', 2028, 'HIGHER_STUDIES'),
('AG000000-0000-0000-0000-000000000004', 'S0000000-0000-0000-0000-000000000004', 2029, 'PLACEMENT'),
('AG000000-0000-0000-0000-000000000005', 'S0000000-0000-0000-0000-000000000005', 2029, 'ENTREPRENEURSHIP'),
('AG000000-0000-0000-0000-000000000006', 'S0000000-0000-0000-0000-000000000006', 2028, 'HIGHER_STUDIES'),
('AG000000-0000-0000-0000-000000000007', 'S0000000-0000-0000-0000-000000000007', 2029, 'PLACEMENT'),
('AG000000-0000-0000-0000-000000000008', 'S0000000-0000-0000-0000-000000000008', 2029, 'ENTREPRENEURSHIP'),
('AG000000-0000-0000-0000-000000000009', 'S0000000-0000-0000-0000-000000000009', 2028, 'HIGHER_STUDIES'),
('AG000000-0000-0000-0000-000000000010', 'S0000000-0000-0000-0000-000000000010', 2029, 'PLACEMENT');

-- 44. AFTER_GRADUATION_PLACEMENTS
INSERT INTO "after_graduation_placements" ("after_graduation_id", "employer_id", "salary")
VALUES
('AG000000-0000-0000-0000-000000000001', 'COMP00001-0000-0000-0000-000000000001', 50000),
('AG000000-0000-0000-0000-000000000004', 'COMP00001-0000-0000-0000-000000000002', 60000),
('AG000000-0000-0000-0000-000000000007', 'COMP00001-0000-0000-0000-000000000003', 55000),
('AG000000-0000-0000-0000-000000000010', 'COMP00001-0000-0000-0000-000000000004', 65000),
('AG000000-0000-0000-0000-000000000002', 'COMP00001-0000-0000-0000-000000000005', 70000),
('AG000000-0000-0000-0000-000000000005', 'COMP00001-0000-0000-0000-000000000006', 52000),
('AG000000-0000-0000-0000-000000000008', 'COMP00001-0000-0000-0000-000000000007', 58000),
('AG000000-0000-0000-0000-000000000003', 'COMP00001-0000-0000-0000-000000000008', 60000),
('AG000000-0000-0000-0000-000000000006', 'COMP00001-0000-0000-0000-000000000009', 54000),
('AG000000-0000-0000-0000-000000000009', 'COMP00001-0000-0000-0000-000000000010', 59000);

-- 45. AFTER_GRADUATION_HIGHER_STUDIES
INSERT INTO "after_graduation_higher_studies" ("after_graduation_id", "institute_name", "program_name", "with_exam")
VALUES
('AG000000-0000-0000-0000-000000000003', 'Univ X', 'Masters in Data Science', true),
('AG000000-0000-0000-0000-000000000006', 'Univ Y', 'MBA', false),
('AG000000-0000-0000-0000-000000000009', 'Univ Z', 'PhD in Renewable Energy', true),
('AG000000-0000-0000-0000-000000000002', 'Univ A', 'Masters in Management', true),
('AG000000-0000-0000-0000-000000000005', 'Univ B', 'Masters in Mechanical Engineering', false),
('AG000000-0000-0000-0000-000000000008', 'Univ C', 'Masters in Computer Science', true),
('AG000000-0000-0000-0000-000000000001', 'Univ D', 'Masters in Electrical Engineering', false),
('AG000000-0000-0000-0000-000000000004', 'Univ E', 'Masters in Biotechnology', true),
('AG000000-0000-0000-0000-000000000007', 'Univ F', 'Masters in Chemical Engineering', false),
('AG000000-0000-0000-0000-000000000010', 'Univ G', 'Masters in Civil Engineering', true);

-- 46. BENEFIT_PROGRAMS
INSERT INTO "benefit_programs" ("id", "student_id", "year", "type")
VALUES
('BP000000-0000-0000-0000-000000000001', 'S0000000-0000-0000-0000-000000000001', 2025, 'GOVERNMENT'),
('BP000000-0000-0000-0000-000000000002', 'S0000000-0000-0000-0000-000000000002', 2025, 'NON_GOVERNMENT'),
('BP000000-0000-0000-0000-000000000003', 'S0000000-0000-0000-0000-000000000003', 2025, 'INSTITUTIONAL'),
('BP000000-0000-0000-0000-000000000004', 'S0000000-0000-0000-0000-000000000004', 2025, 'COMPETITIVE_EXAM_GUIDANCE'),
('BP000000-0000-0000-0000-000000000005', 'S0000000-0000-0000-0000-000000000005', 2025, 'GOVERNMENT'),
('BP000000-0000-0000-0000-000000000006', 'S0000000-0000-0000-0000-000000000006', 2025, 'INSTITUTIONAL'),
('BP000000-0000-0000-0000-000000000007', 'S0000000-0000-0000-0000-000000000007', 2025, 'NON_GOVERNMENT'),
('BP000000-0000-0000-0000-000000000008', 'S0000000-0000-0000-0000-000000000008', 2025, 'GOVERNMENT'),
('BP000000-0000-0000-0000-000000000009', 'S0000000-0000-0000-0000-000000000009', 2025, 'COMPETITIVE_EXAM_GUIDANCE'),
('BP000000-0000-0000-0000-000000000010', 'S0000000-0000-0000-0000-000000000010', 2025, 'INSTITUTIONAL');

-- 47. NATIONAL_GOVERNMENT_EXAMS
INSERT INTO "national_government_exams" ("id", "student_id", "exam_type")
VALUES
('NGE000000-0000-0000-0000-000000000001', 'S0000000-0000-0000-0000-000000000001', 'GATE'),
('NGE000000-0000-0000-0000-000000000002', 'S0000000-0000-0000-0000-000000000002', 'NET'),
('NGE000000-0000-0000-0000-000000000003', 'S0000000-0000-0000-0000-000000000003', 'CAT'),
('NGE000000-0000-0000-0000-000000000004', 'S0000000-0000-0000-0000-000000000004', 'GRE'),
('NGE000000-0000-0000-0000-000000000005', 'S0000000-0000-0000-0000-000000000005', 'GATE'),
('NGE000000-0000-0000-0000-000000000006', 'S0000000-0000-0000-0000-000000000006', 'GMAT'),
('NGE000000-0000-0000-0000-000000000007', 'S0000000-0000-0000-0000-000000000007', 'NET'),
('NGE000000-0000-0000-0000-000000000008', 'S0000000-0000-0000-0000-000000000008', 'SLET'),
('NGE000000-0000-0000-0000-000000000009', 'S0000000-0000-0000-0000-000000000009', 'GATE'),
('NGE000000-0000-0000-0000-000000000010', 'S0000000-0000-0000-0000-000000000010', 'CAT');

-- 48. FACILITIES
INSERT INTO "facilities" ("id", "name", "type", "is_ict", "details", "reasons", "utilization", "relevance_to_pos")
VALUES
('FCLT0000-0000-0000-0000-000000000001', 'Main Auditorium', 'Auditorium', false, 'Large capacity auditorium', '{"Spacious", "Well-equipped"}', '80%', 'High'),
('FCLT0000-0000-0000-0000-000000000002', 'Library', 'Library', true, 'Central library with digital resources', '{"Modern", "Accessible"}', '90%', 'Very High'),
('FCLT0000-0000-0000-0000-000000000003', 'Computer Lab', 'Lab', true, 'High-spec computers and networked', '{"Up-to-date", "Secure"}', '85%', 'High'),
('FCLT0000-0000-0000-0000-000000000004', 'Workshop', 'Workshop', false, 'Technical workshop space', '{"Well-ventilated", "Spacious"}', '75%', 'Medium'),
('FCLT0000-0000-0000-0000-000000000005', 'Conference Room', 'Conference', true, 'Room equipped with AV facilities', '{"Modern", "Ergonomic"}', '70%', 'Medium'),
('FCLT0000-0000-0000-0000-000000000006', 'Sports Complex', 'Sports', false, 'Indoor sports facility', '{"Brand new", "Spacious"}', '65%', 'High'),
('FCLT0000-0000-0000-0000-000000000007', 'Canteen', 'Canteen', false, 'Food and beverage facility', '{"Clean", "Efficient"}', '50%', 'Low'),
('FCLT0000-0000-0000-0000-000000000008', 'Research Center', 'Research', true, 'Lab for research activities', '{"Advanced", "Specialized"}', '80%', 'Very High'),
('FCLT0000-0000-0000-0000-000000000009', 'Admin Block', 'Administration', true, 'Main administrative block', '{"Central", "Modern"}', '95%', 'High'),
('FCLT0000-0000-0000-0000-000000000010', 'Multipurpose Hall', 'Hall', false, 'Hall for events and ceremonies', '{"Spacious", "Versatile"}', '85%', 'High');

-- 49. LABORATORIES
INSERT INTO "laboratories" ("id", "batch_size", "name_of_equipment", "safety_measures", "weekly_utilization", "technical_manpower_ids")
VALUES
('LAB000000-0000-0000-0000-000000000001', 30, '{"Microscopes", "Spectrometers"}', '{"Fire Extinguishers", "First Aid Kit"}', 40, '{"LT000000-0000-0000-0000-000000000001", "LT000000-0000-0000-0000-000000000002"}'),
('LAB000000-0000-0000-0000-000000000002', 25, '{"Oscilloscopes", "Power Supplies"}', '{"Safety Goggles", "Lab Coats"}', 35, '{"LT000000-0000-0000-0000-000000000003"}'),
('LAB000000-0000-0000-0000-000000000003', 40, '{"3D Printers", "Laser Cutters"}', '{"Emergency Exits", "Fire Alarms"}', 50, '{"LT000000-0000-0000-0000-000000000004", "LT000000-0000-0000-0000-000000000005"}'),
('LAB000000-0000-0000-0000-000000000004', 20, '{"Robotics Kits", "Soldering Stations"}', '{"Ventilation", "Safety Training"}', 30, '{"LT000000-0000-0000-0000-000000000006"}),
('LAB000000-0000-0000-0000-000000000005', 35, '{"VR Headsets", "High-performance PCs"}', '{"Surge Protectors", "Air Conditioners"}', 45, '{"LT000000-0000-0000-0000-000000000007"}'),
('LAB000000-0000-0000-0000-000000000006', 28, '{"Chemical Analyzers", "Fume Hoods"}', '{"Gloves", "Face Shields"}', 38, '{"LT000000-0000-0000-0000-000000000008"}'),
('LAB000000-0000-0000-0000-000000000007', 32, '{"Biometric Scanners", "DNA Sequencers"}', '{"Biosafety Cabinets", "Emergency Showers"}', 42, '{"LT000000-0000-0000-0000-000000000009"}),
('LAB000000-0000-0000-0000-000000000008', 22, '{"Thermal Cameras", "Infrared Sensors"}', '{"Fire Blankets", "Emergency Lights"}', 33, '{"LT000000-0000-0000-0000-000000000010"}),
('LAB000000-0000-0000-0000-000000000009', 27, '{"Automated Analyzers", "Data Loggers"}', '{"Safety Signage", "Spill Kits"}', 37, '{"LT000000-0000-0000-0000-000000000001"}),
('LAB000000-0000-0000-0000-000000000010', 30, '{"High-speed Cameras", "Measurement Instruments"}', '{"Emergency Exits", "Personal Protective Equipment"}', 40, '{"LT000000-0000-0000-0000-000000000002", "LT000000-0000-0000-0000-000000000003"}');

-- 50. LABORATORIES_TECHNICAL_MANPOWER
INSERT INTO "laboratories_technical_manpower" ("id", "name", "designation", "qualification")
VALUES
('LT000000-0000-0000-0000-000000000001', 'John Doe', 'Technician', 'Diploma in Electronics'),
('LT000000-0000-0000-0000-000000000002', 'Jane Smith', 'Senior Technician', 'B.Tech in Electronics'),
('LT000000-0000-0000-0000-000000000003', 'Alice Johnson', 'Lab Assistant', 'Certificate in Lab Management'),
('LT000000-0000-0000-0000-000000000004', 'Robert Brown', 'Technician', 'Diploma in Mechanical Engineering'),
('LT000000-0000-0000-0000-000000000005', 'Emily Davis', 'Senior Technician', 'B.Tech in Mechanical Engineering'),
('LT000000-0000-0000-0000-000000000006', 'Michael Wilson', 'Lab Engineer', 'B.Tech in Chemical Engineering'),
('LT000000-0000-0000-0000-000000000007', 'Sarah Miller', 'Assistant Lab Engineer', 'Diploma in Chemical Technology'),
('LT000000-0000-0000-0000-000000000008', 'David Taylor', 'Technician', 'Diploma in IT'),
('LT000000-0000-0000-0000-000000000009', 'Laura Moore', 'Senior Technician', 'B.Tech in IT'),
('LT000000-0000-0000-0000-000000000010', 'Daniel Anderson', 'Lab Supervisor', 'MBA');

-- 51. LABORATORY_TECHNICAL_MANPOWER (Junction Table)
INSERT INTO "laboratory_technical_manpower" ("laboratory_id", "technical_manpower_id")
VALUES
('LAB000000-0000-0000-0000-000000000001', 'LT000000-0000-0000-0000-000000000001'),
('LAB000000-0000-0000-0000-000000000001', 'LT000000-0000-0000-0000-000000000002'),
('LAB000000-0000-0000-0000-000000000002', 'LT000000-0000-0000-0000-000000000003'),
('LAB000000-0000-0000-0000-000000000003', 'LT000000-0000-0000-0000-000000000004'),
('LAB000000-0000-0000-0000-000000000003', 'LT000000-0000-0000-0000-000000000005'),
('LAB000000-0000-0000-0000-000000000004', 'LT000000-0000-0000-0000-000000000006'),
('LAB000000-0000-0000-0000-000000000005', 'LT000000-0000-0000-0000-000000000007'),
('LAB000000-0000-0000-0000-000000000006', 'LT000000-0000-0000-0000-000000000008'),
('LAB000000-0000-0000-0000-000000000007', 'LT000000-0000-0000-0000-000000000009'),
('LAB000000-0000-0000-0000-000000000008', 'LT000000-0000-0000-0000-000000000010'),
('LAB000000-0000-0000-0000-000000000009', 'LT000000-0000-0000-0000-000000000001'),
('LAB000000-0000-0000-0000-000000000010', 'LT000000-0000-0000-0000-000000000002'),
('LAB000000-0000-0000-0000-000000000010', 'LT000000-0000-0000-0000-000000000003');

-- 52. E_RESOURCES
INSERT INTO "e_resources" ("faculty_id", "name", "development_platform", "date_of_launch", "link_to_relevant_document", "institute")
VALUES
('F0000000-0000-0000-0000-000000000001', 'Learning Portal A', 'Moodle', '2025-01-05', 'http://example.com/portalA', 'Institute A'),
('F0000000-0000-0000-0000-000000000002', 'Digital Library', 'Blackboard', '2025-02-10', 'http://example.com/digitallib', 'Institute B'),
('F0000000-0000-0000-0000-000000000003', 'Online Courseware', 'Canvas', '2025-03-15', 'http://example.com/courseware', 'Institute C'),
('F0000000-0000-0000-0000-000000000004', 'Resource Hub', 'Google Classroom', '2025-04-20', 'http://example.com/resourcehub', 'Institute D'),
('F0000000-0000-0000-0000-000000000005', 'E-Learning Center', 'Custom LMS', '2025-05-25', 'http://example.com/elearn', 'Institute E'),
('F0000000-0000-0000-0000-000000000006', 'Virtual Lab', 'Moodle', '2025-06-30', 'http://example.com/virtuallab', 'Institute F'),
('F0000000-0000-0000-0000-000000000007', 'Interactive Tutorials', 'YouTube', '2025-07-05', 'http://example.com/tutorials', 'Institute G'),
('F0000000-0000-0000-0000-000000000008', 'Webinars Portal', 'Zoom', '2025-08-10', 'http://example.com/webinars', 'Institute H'),
('F0000000-0000-0000-0000-000000000009', 'Digital Archives', 'Canvas', '2025-09-15', 'http://example.com/archives', 'Institute I'),
('F0000000-0000-0000-0000-000000000010', 'Online Repository', 'Moodle', '2025-10-20', 'http://example.com/repository', 'Institute J');