-- 11. JOURNAL_PUBLICATION_AUTHORS (depends on "journal_publications" and "users")
INSERT INTO "journal_publication_authors" ("publication_id", "author_id", "author_index")
VALUES
('99999999-9999-9999-9999-999999999901', '11111111-1111-1111-1111-111111111101', 1),
('99999999-9999-9999-9999-999999999902', '11111111-1111-1111-1111-111111111102', 2),
('99999999-9999-9999-9999-999999999903', '11111111-1111-1111-1111-111111111103', 1),
('99999999-9999-9999-9999-999999999904', '11111111-1111-1111-1111-111111111104', 2),
('99999999-9999-9999-9999-999999999905', '11111111-1111-1111-1111-111111111105', 1),
('99999999-9999-9999-9999-999999999906', '11111111-1111-1111-1111-111111111106', 2),
('99999999-9999-9999-9999-999999999907', '11111111-1111-1111-1111-111111111107', 3),
('99999999-9999-9999-9999-999999999908', '11111111-1111-1111-1111-111111111108', 1),
('99999999-9999-9999-9999-999999999909', '11111111-1111-1111-1111-111111111109', 4),
('99999999-9999-9999-9999-999999999910', '11111111-1111-1111-1111-111111111110', 1);

-- 12. BOOK_PUBLICATIONS (no direct dependency)
INSERT INTO "book_publications" ("id", "year", "semester", "title", "isbn", "type")
VALUES
('AAAAAAAA-AAAA-AAAA-AAAA-AAAAAAAAAAA1', 2020, 'ODD', 'Intro to Robotics', 9781111, 'BOOK'),
('AAAAAAAA-AAAA-AAAA-AAAA-AAAAAAAAAAA2', 2021, 'EVEN', 'Advanced AI Techniques', 9782222, 'CHAPTER'),
('AAAAAAAA-AAAA-AAAA-AAAA-AAAAAAAAAAA3', 2022, 'ODD', 'Quantum Computing Basics', 9783333, 'BOOK'),
('AAAAAAAA-AAAA-AAAA-AAAA-AAAAAAAAAAA4', 2023, 'EVEN', 'Cloud Infrastructure', 9784444, 'CHAPTER'),
('AAAAAAAA-AAAA-AAAA-AAAA-AAAAAAAAAAA5', 2024, 'ODD', 'Data Science Handbook', 9785555, 'BOOK'),
('AAAAAAAA-AAAA-AAAA-AAAA-AAAAAAAAAAA6', 2022, 'EVEN', 'Cybersecurity Essentials', 9786666, 'CHAPTER'),
('AAAAAAAA-AAAA-AAAA-AAAA-AAAAAAAAAAA7', 2021, 'ODD', 'Bioinformatics Introduction', 9787777, 'BOOK'),
('AAAAAAAA-AAAA-AAAA-AAAA-AAAAAAAAAAA8', 2023, 'EVEN', 'VR/AR Development', 9788888, 'CHAPTER'),
('AAAAAAAA-AAAA-AAAA-AAAA-AAAAAAAAAAA9', 2022, 'ODD', 'Renewable Energy Systems', 9789999, 'BOOK'),
('AAAAAAAA-AAAA-AAAA-AAAA-AAAAAAAAAAA0', 2020, 'EVEN', 'Blockchain Fundamentals', 9781010, 'CHAPTER');

-- 13. BOOK_PUBLICATION_AUTHORS (depends on "book_publications" and "users")
INSERT INTO "book_publication_authors" ("publication_id", "author_id", "author_index")
VALUES
('AAAAAAAA-AAAA-AAAA-AAAA-AAAAAAAAAAA1', '11111111-1111-1111-1111-111111111101', 1),
('AAAAAAAA-AAAA-AAAA-AAAA-AAAAAAAAAAA2', '11111111-1111-1111-1111-111111111102', 1),
('AAAAAAAA-AAAA-AAAA-AAAA-AAAAAAAAAAA3', '11111111-1111-1111-1111-111111111103', 1),
('AAAAAAAA-AAAA-AAAA-AAAA-AAAAAAAAAAA4', '11111111-1111-1111-1111-111111111104', 1),
('AAAAAAAA-AAAA-AAAA-AAAA-AAAAAAAAAAA5', '11111111-1111-1111-1111-111111111105', 1),
('AAAAAAAA-AAAA-AAAA-AAAA-AAAAAAAAAAA6', '11111111-1111-1111-1111-111111111106', 2),
('AAAAAAAA-AAAA-AAAA-AAAA-AAAAAAAAAAA7', '11111111-1111-1111-1111-111111111107', 2),
('AAAAAAAA-AAAA-AAAA-AAAA-AAAAAAAAAAA8', '11111111-1111-1111-1111-111111111108', 3),
('AAAAAAAA-AAAA-AAAA-AAAA-AAAAAAAAAAA9', '11111111-1111-1111-1111-111111111109', 4),
('AAAAAAAA-AAAA-AAAA-AAAA-AAAAAAAAAAA0', '11111111-1111-1111-1111-111111111110', 1);

-- 14. OTHER_ACADEMIC_INSTITUTES_RUN_BY_TRUST_SOCIETY (no direct dependency)
INSERT INTO "other_academic_institutes_run_by_trust_society" ("id", "name", "year_of_establishment", "program_of_study", "location")
VALUES
('BBBBBBBB-BBBB-BBBB-BBBB-BBBBBBBBBBB1', 'Tech Institute Trust', 2010, '{"B.Tech", "M.Tech"}', 'City A'),
('BBBBBBBB-BBBB-BBBB-BBBB-BBBBBBBBBBB2', 'Global Research Center', 2012, '{"PhD", "MSc"}', 'City B'),
('BBBBBBBB-BBBB-BBBB-BBBB-BBBBBBBBBBB3', 'Arts & Culture College', 2005, '{"BA", "MA"}', 'City C'),
('BBBBBBBB-BBBB-BBBB-BBBB-BBBBBBBBBBB4', 'Health Sciences Academy', 2008, '{"BSc Nursing", "Diploma"}', 'City D'),
('BBBBBBBB-BBBB-BBBB-BBBB-BBBBBBBBBBB5', 'Management Studies Institute', 2011, '{"MBA", "BBA"}', 'City E'),
('BBBBBBBB-BBBB-BBBB-BBBB-BBBBBBBBBBB6', 'Design & Creativity Forum', 2007, '{"B.Des", "M.Des"}', 'City F'),
('BBBBBBBB-BBBB-BBBB-BBBB-BBBBBBBBBBB7', 'Agricultural Research Academy', 2015, '{"BSc Agriculture", "MSc Agriculture"}', 'City G'),
('BBBBBBBB-BBBB-BBBB-BBBB-BBBBBBBBBBB8', 'Polytechnic Institute', 2009, '{"Diploma Engg", "Advanced Diploma"}', 'City H'),
('BBBBBBBB-BBBB-BBBB-BBBB-BBBBBBBBBBB9', 'Language & Literature College', 2014, '{"BA English", "MA English"}', 'City I'),
('BBBBBBBB-BBBB-BBBB-BBBB-BBBBBBBBBB10', 'Pharma Tech School', 2013, '{"B.Pharm", "M.Pharm"}', 'City J');

-- 15. INSTITUTES (depends on "faculty" for head_of_institute_id and nba_coordinator_id)
-- These faculty IDs are placeholders; ensure matching records exist in "faculty"
INSERT INTO "institutes" (
  "id",
  "institute_code",
  "name",
  "type",
  "year_of_establishment",
  "ownership_status",
  "affiliating_university_name",
  "affiliating_university_address",
  "vision",
  "mission",
  "other_academic_institute_ids",
  "programs_offered",
  "programs_considered",
  "head_of_institute_id",
  "nba_coordinator_id"
)
VALUES
('CCCCCCCC-CCCC-CCCC-CCCC-CCCCCCCCCCC1', 'INST001', 'Global Tech University', 'DEEMED_TO_BE_UNIVERSITY', 2000, 'CENTRAL_GOVERNMENT', 'Univ A', 'Address A', 'Excellence in Tech', 'Innovation & Research', '{"BBBBBBBB-BBBB-BBBB-BBBB-BBBBBBBBBBB1","BBBBBBBB-BBBB-BBBB-BBBB-BBBBBBBBBBB2"}', '{}', '{}', '55555555-5555-5555-5555-555555555501', '55555555-5555-5555-5555-555555555502'),
('CCCCCCCC-CCCC-CCCC-CCCC-CCCCCCCCCCC2', 'INST002', 'Modern Science Institute', 'UNIVERSITY', 2010, 'STATE_GOVERNMENT', 'Univ B', 'Address B', 'Empower Future Minds', 'Leading in Innovation', '{"BBBBBBBB-BBBB-BBBB-BBBB-BBBBBBBBBBB3"}', '{}', '{}', '55555555-5555-5555-5555-555555555503', '55555555-5555-5555-5555-555555555504'),
('CCCCCCCC-CCCC-CCCC-CCCC-CCCCCCCCCCC3', 'INST003', 'National Engineering College', 'AUTONOMOUS', 2005, 'GRANT_IN_AID', 'Univ C', 'Address C', 'Building Tech Leaders', 'Global Impact', '{"BBBBBBBB-BBBB-BBBB-BBBB-BBBBBBBBBBB4","BBBBBBBB-BBBB-BBBB-BBBB-BBBBBBBBBBB5"}', '{}', '{}', '55555555-5555-5555-5555-555555555505', '55555555-5555-5555-5555-555555555506'),
('CCCCCCCC-CCCC-CCCC-CCCC-CCCCCCCCCCC4', 'INST004', 'Innovate College of Arts', 'AFFILIATED', 2015, 'SELF_FINANCING_TRUST', 'Univ D', 'Address D', 'Artistry & Excellence', 'Cultural Growth', '{"BBBBBBBB-BBBB-BBBB-BBBB-BBBBBBBBBBB6"}', '{}', '{}', '55555555-5555-5555-5555-555555555507', '55555555-5555-5555-5555-555555555508'),
('CCCCCCCC-CCCC-CCCC-CCCC-CCCCCCCCCCC5', 'INST005', 'Global Health University', 'OTHER', 2008, 'OTHER', 'Univ E', 'Address E', 'Healthy Future', 'Research in Medicine', '{"BBBBBBBB-BBBB-BBBB-BBBB-BBBBBBBBBBB7"}', '{}', '{}', '55555555-5555-5555-5555-555555555509', '55555555-5555-5555-5555-555555555510'),
('CCCCCCCC-CCCC-CCCC-CCCC-CCCCCCCCCCC6', 'INST006', 'City Management College', 'DEEMED_TO_BE_UNIVERSITY', 2011, 'CENTRAL_GOVERNMENT', 'Univ F', 'Address F', 'Excellence in Mgmt', 'Innovative Leadership', '{"BBBBBBBB-BBBB-BBBB-BBBB-BBBBBBBBBBB8"}', '{}', '{}', '55555555-5555-5555-5555-555555555511', '55555555-5555-5555-5555-555555555512'),
('CCCCCCCC-CCCC-CCCC-CCCC-CCCCCCCCCCC7', 'INST007', 'Advanced Design School', 'UNIVERSITY', 2013, 'STATE_GOVERNMENT', 'Univ G', 'Address G', 'Empowering Designers', 'Global Designs', '{"BBBBBBBB-BBBB-BBBB-BBBB-BBBBBBBBBBB9"}', '{}', '{}', '55555555-5555-5555-5555-555555555513', '55555555-5555-5555-5555-555555555514'),
('CCCCCCCC-CCCC-CCCC-CCCC-CCCCCCCCCCC8', 'INST008', 'Prime Research Institute', 'AUTONOMOUS', 2009, 'GRANT_IN_AID', 'Univ H', 'Address H', 'Leading Research', 'Global Collaboration', '{"BBBBBBBB-BBBB-BBBB-BBBB-BBBBBBBBBBB1"}', '{}', '{}', '55555555-5555-5555-5555-555555555515', '55555555-5555-5555-5555-555555555516'),
('CCCCCCCC-CCCC-CCCC-CCCC-CCCCCCCCCCC9', 'INST009', 'Modern Polytechnic', 'AFFILIATED', 2014, 'SELF_FINANCING_TRUST', 'Univ I', 'Address I', 'Handson Tech', 'Practical Skills', '{"BBBBBBBB-BBBB-BBBB-BBBB-BBBBBBBBBBB2","BBBBBBBB-BBBB-BBBB-BBBB-BBBBBBBBBBB8"}', '{}', '{}', '55555555-5555-5555-5555-555555555517', '55555555-5555-5555-5555-555555555518'),
('CCCCCCCC-CCCC-CCCC-CCCC-CCCCCCCCCC10', 'INST010', 'Frontier Pharma Institute', 'OTHER', 2016, 'OTHER', 'Univ J', 'Address J', 'Medicine & Beyond', 'Innovation in Pharma', '{"BBBBBBBB-BBBB-BBBB-BBBB-BBBBBBBBBB10"}', '{}', '{}', '55555555-5555-5555-5555-555555555519', '55555555-5555-5555-5555-555555555520');

-- 16. INSTITUTE_OTHER_ACADEMIC_INSTITUTES (junction table for institutes and other_academic_institutes_run_by_trust_society)
INSERT INTO "institute_other_academic_institutes" ("institute_id", "other_academic_institute_id")
VALUES
('CCCCCCCC-CCCC-CCCC-CCCC-CCCCCCCCCCC1', 'BBBBBBBB-BBBB-BBBB-BBBB-BBBBBBBBBBB1'),
('CCCCCCCC-CCCC-CCCC-CCCC-CCCCCCCCCCC1', 'BBBBBBBB-BBBB-BBBB-BBBB-BBBBBBBBBBB3'),
('CCCCCCCC-CCCC-CCCC-CCCC-CCCCCCCCCCC2', 'BBBBBBBB-BBBB-BBBB-BBBB-BBBBBBBBBBB2'),
('CCCCCCCC-CCCC-CCCC-CCCC-CCCCCCCCCCC3', 'BBBBBBBB-BBBB-BBBB-BBBB-BBBBBBBBBBB4'),
('CCCCCCCC-CCCC-CCCC-CCCC-CCCCCCCCCCC4', 'BBBBBBBB-BBBB-BBBB-BBBB-BBBBBBBBBBB5'),
('CCCCCCCC-CCCC-CCCC-CCCC-CCCCCCCCCCC5', 'BBBBBBBB-BBBB-BBBB-BBBB-BBBBBBBBBBB6'),
('CCCCCCCC-CCCC-CCCC-CCCC-CCCCCCCCCCC6', 'BBBBBBBB-BBBB-BBBB-BBBB-BBBBBBBBBBB7'),
('CCCCCCCC-CCCC-CCCC-CCCC-CCCCCCCCCCC7', 'BBBBBBBB-BBBB-BBBB-BBBB-BBBBBBBBBBB8'),
('CCCCCCCC-CCCC-CCCC-CCCC-CCCCCCCCCCC8', 'BBBBBBBB-BBBB-BBBB-BBBB-BBBBBBBBBBB9'),
('CCCCCCCC-CCCC-CCCC-CCCC-CCCCCCCCCCC9', 'BBBBBBBB-BBBB-BBBB-BBBB-BBBBBBBBBB10');

-- 17. PROGRAMS (references "institutes" by institute_id)
INSERT INTO "programs" (
  "id",
  "program_code",
  "duration_year",
  "name",
  "year_of_start",
  "sanctioned_intake",
  "aicte_approval_details",
  "accreditation_status",
  "number_of_times_accredited",
  "institute_id"
)
VALUES
('DDDDDDDD-DDDD-DDDD-DDDD-DDDDDDDDDDD1', 1001, 4, 'B.Tech Computer Science', 2010, 120, 'Approved 2010', 'GRANTED_ACCREDITATION_FOR_2_3_YEARS', 2, 'CCCCCCCC-CCCC-CCCC-CCCC-CCCCCCCCCCC1'),
('DDDDDDDD-DDDD-DDDD-DDDD-DDDDDDDDDDD2', 1002, 4, 'B.Tech Mechanical', 2011, 90, 'Approved 2011', 'APPLYING_FIRST_TIME', 0, 'CCCCCCCC-CCCC-CCCC-CCCC-CCCCCCCCCCC2'),
('DDDDDDDD-DDDD-DDDD-DDDD-DDDDDDDDDDD3', 1003, 2, 'MBA', 2012, 60, 'Approved 2012', 'NOT_ACCREDITED', 1, 'CCCCCCCC-CCCC-CCCC-CCCC-CCCCCCCCCCC3'),
('DDDDDDDD-DDDD-DDDD-DDDD-DDDDDDDDDDD4', 1004, 3, 'M.Tech Electrical', 2013, 40, 'Approved 2013', 'ELIGIBLE_BUT_NOT_APPLIED', 0, 'CCCCCCCC-CCCC-CCCC-CCCC-CCCCCCCCCCC4'),
('DDDDDDDD-DDDD-DDDD-DDDD-DDDDDDDDDDD5', 1005, 4, 'B.Tech Civil', 2014, 80, 'Approved 2014', 'GRANTED_ACCREDITATION_FOR_5_6_YEARS', 1, 'CCCCCCCC-CCCC-CCCC-CCCC-CCCCCCCCCCC5'),
('DDDDDDDD-DDDD-DDDD-DDDD-DDDDDDDDDDD6', 1006, 4, 'B.Tech IT', 2015, 100, 'Approved 2015', 'NOT_ELIGIBLE_FOR_ACCREDITATION', 0, 'CCCCCCCC-CCCC-CCCC-CCCC-CCCCCCCCCCC6'),
('DDDDDDDD-DDDD-DDDD-DDDD-DDDDDDDDDDD7', 1007, 2, 'Diploma in Design', 2016, 50, 'Approved 2016', 'WITHDRAWN', 1, 'CCCCCCCC-CCCC-CCCC-CCCC-CCCCCCCCCCC7'),
('DDDDDDDD-DDDD-DDDD-DDDD-DDDDDDDDDDD8', 1008, 4, 'B.Tech Chemical', 2017, 70, 'Approved 2017', 'GRANTED_ACCREDITATION_FOR_2_3_YEARS', 2, 'CCCCCCCC-CCCC-CCCC-CCCC-CCCCCCCCCCC8'),
('DDDDDDDD-DDDD-DDDD-DDDD-DDDDDDDDDDD9', 1009, 4, 'B.Tech Electronics', 2018, 100, 'Approved 2018', 'NOT_ACCREDITED', 0, 'CCCCCCCC-CCCC-CCCC-CCCC-CCCCCCCCCCC9'),
('DDDDDDDD-DDDD-DDDD-DDDD-DDDDDDDDDD10', 1010, 3, 'M.Tech Automation', 2019, 30, 'Approved 2019', 'APPLYING_FIRST_TIME', 0, 'CCCCCCCC-CCCC-CCCC-CCCC-CCCCCCCCCC10');

-- 18. INSTITUTE_PROGRAMS_OFFERED (junction table for institutes and programs)
INSERT INTO "institute_programs_offered" ("institute_id", "program_id")
VALUES
('CCCCCCCC-CCCC-CCCC-CCCC-CCCCCCCCCCC1', 'DDDDDDDD-DDDD-DDDD-DDDD-DDDDDDDDDDD1'),
('CCCCCCCC-CCCC-CCCC-CCCC-CCCCCCCCCCC2', 'DDDDDDDD-DDDD-DDDD-DDDD-DDDDDDDDDDD2'),
('CCCCCCCC-CCCC-CCCC-CCCC-CCCCCCCCCCC3', 'DDDDDDDD-DDDD-DDDD-DDDD-DDDDDDDDDDD3'),
('CCCCCCCC-CCCC-CCCC-CCCC-CCCCCCCCCCC4', 'DDDDDDDD-DDDD-DDDD-DDDD-DDDDDDDDDDD4'),
('CCCCCCCC-CCCC-CCCC-CCCC-CCCCCCCCCCC5', 'DDDDDDDD-DDDD-DDDD-DDDD-DDDDDDDDDDD5'),
('CCCCCCCC-CCCC-CCCC-CCCC-CCCCCCCCCCC6', 'DDDDDDDD-DDDD-DDDD-DDDD-DDDDDDDDDDD6'),
('CCCCCCCC-CCCC-CCCC-CCCC-CCCCCCCCCCC7', 'DDDDDDDD-DDDD-DDDD-DDDD-DDDDDDDDDDD7'),
('CCCCCCCC-CCCC-CCCC-CCCC-CCCCCCCCCCC8', 'DDDDDDDD-DDDD-DDDD-DDDD-DDDDDDDDDDD8'),
('CCCCCCCC-CCCC-CCCC-CCCC-CCCCCCCCCCC9', 'DDDDDDDD-DDDD-DDDD-DDDD-DDDDDDDDDDD9'),
('CCCCCCCC-CCCC-CCCC-CCCC-CCCCCCCCCC10', 'DDDDDDDD-DDDD-DDDD-DDDD-DDDDDDDDDD10');

-- 19. INSTITUTE_PROGRAMS_CONSIDERED (junction table for institutes and programs)
INSERT INTO "institute_programs_considered" ("institute_id", "program_id")
VALUES
('CCCCCCCC-CCCC-CCCC-CCCC-CCCCCCCCCCC1', 'DDDDDDDD-DDDD-DDDD-DDDD-DDDDDDDDDDD2'),
('CCCCCCCC-CCCC-CCCC-CCCC-CCCCCCCCCCC2', 'DDDDDDDD-DDDD-DDDD-DDDD-DDDDDDDDDDD3'),
('CCCCCCCC-CCCC-CCCC-CCCC-CCCCCCCCCCC3', 'DDDDDDDD-DDDD-DDDD-DDDD-DDDDDDDDDDD4'),
('CCCCCCCC-CCCC-CCCC-CCCC-CCCCCCCCCCC4', 'DDDDDDDD-DDDD-DDDD-DDDD-DDDDDDDDDDD5'),
('CCCCCCCC-CCCC-CCCC-CCCC-CCCCCCCCCCC5', 'DDDDDDDD-DDDD-DDDD-DDDD-DDDDDDDDDDD6'),
('CCCCCCCC-CCCC-CCCC-CCCC-CCCCCCCCCCC6', 'DDDDDDDD-DDDD-DDDD-DDDD-DDDDDDDDDDD7'),
('CCCCCCCC-CCCC-CCCC-CCCC-CCCCCCCCCCC7', 'DDDDDDDD-DDDD-DDDD-DDDD-DDDDDDDDDDD8'),
('CCCCCCCC-CCCC-CCCC-CCCC-CCCCCCCCCCC8', 'DDDDDDDD-DDDD-DDDD-DDDD-DDDDDDDDDDD9'),
('CCCCCCCC-CCCC-CCCC-CCCC-CCCCCCCCCCC9', 'DDDDDDDD-DDDD-DDDD-DDDD-DDDDDDDDDD10'),
('CCCCCCCC-CCCC-CCCC-CCCC-CCCCCCCCCC10', 'DDDDDDDD-DDDD-DDDD-DDDD-DDDDDDDDDDD1');

-- 20. PROGRAM_INTAKES (references "programs")
INSERT INTO "program_intakes" ("program_id", "year", "intake")
VALUES
('DDDDDDDD-DDDD-DDDD-DDDD-DDDDDDDDDDD1', 2021, 120),
('DDDDDDDD-DDDD-DDDD-DDDD-DDDDDDDDDDD2', 2021, 90),
('DDDDDDDD-DDDD-DDDD-DDDD-DDDDDDDDDDD3', 2021, 60),
('DDDDDDDD-DDDD-DDDD-DDDD-DDDDDDDDDDD4', 2022, 40),
('DDDDDDDD-DDDD-DDDD-DDDD-DDDDDDDDDDD5', 2022, 80),
('DDDDDDDD-DDDD-DDDD-DDDD-DDDDDDDDDDD6', 2023, 100),
('DDDDDDDD-DDDD-DDDD-DDDD-DDDDDDDDDDD7', 2023, 50),
('DDDDDDDD-DDDD-DDDD-DDDD-DDDDDDDDDDD8', 2024, 70),
('DDDDDDDD-DDDD-DDDD-DDDD-DDDDDDDDDDD9', 2024, 100),
('DDDDDDDD-DDDD-DDDD-DDDD-DDDDDDDDDD10', 2025, 30);
